-- Red Talento TP — Seed SQL
-- Ejecutar en la base de datos: red_talento_tp

SET session_replication_role = replica; -- disable FK checks

TRUNCATE TABLE applications, skills, portfolio_evidences, opportunities, student_profiles, company_profiles, school_profiles, users RESTART IDENTITY CASCADE;

SET session_replication_role = DEFAULT;

-- USERS (61)
INSERT INTO users (id,email,password,role,"isActive",avatar,"createdAt","updatedAt") VALUES ('5abfbff4-7b9d-4168-8e01-7d39719ff2fb','colegio@redtalento.cl','$2b$10$62lUkKyby4NrVgxD35/30.fKFKqTvE6szKx/VjNgnSIaVVHuD..mW','COLEGIO',TRUE,NULL,'2026-04-10T00:58:37.398Z','2026-04-10T00:58:37.398Z');
INSERT INTO users (id,email,password,role,"isActive",avatar,"createdAt","updatedAt") VALUES ('66eb6458-eb7a-40a7-89d0-d4d17c2c9c5f','matias.arancibia@alumnos.colegiocaro.cl','$2b$10$62lUkKyby4NrVgxD35/30.fKFKqTvE6szKx/VjNgnSIaVVHuD..mW','STUDENT',TRUE,NULL,'2026-04-10T00:58:37.454Z','2026-04-10T00:58:37.454Z');
INSERT INTO users (id,email,password,role,"isActive",avatar,"createdAt","updatedAt") VALUES ('0cbd95f3-9021-4a68-852f-9fe63faf71c4','valentina.salinas@alumnos.colegiocaro.cl','$2b$10$62lUkKyby4NrVgxD35/30.fKFKqTvE6szKx/VjNgnSIaVVHuD..mW','STUDENT',TRUE,NULL,'2026-04-10T00:58:37.507Z','2026-04-10T00:58:37.507Z');
INSERT INTO users (id,email,password,role,"isActive",avatar,"createdAt","updatedAt") VALUES ('3d45039c-96af-4b0e-b76e-89fc1711568c','benjamin.rojas@alumnos.colegiocaro.cl','$2b$10$62lUkKyby4NrVgxD35/30.fKFKqTvE6szKx/VjNgnSIaVVHuD..mW','STUDENT',TRUE,NULL,'2026-04-10T00:58:37.525Z','2026-04-10T00:58:37.525Z');
INSERT INTO users (id,email,password,role,"isActive",avatar,"createdAt","updatedAt") VALUES ('de615b9f-a98f-4abc-880d-be0d6d86dad0','camila.fuentes@alumnos.colegiocaro.cl','$2b$10$62lUkKyby4NrVgxD35/30.fKFKqTvE6szKx/VjNgnSIaVVHuD..mW','STUDENT',TRUE,NULL,'2026-04-10T00:58:37.551Z','2026-04-10T00:58:37.551Z');
INSERT INTO users (id,email,password,role,"isActive",avatar,"createdAt","updatedAt") VALUES ('c3f06764-421e-4f7f-a332-ede51ac00063','diego.munoz@alumnos.colegiocaro.cl','$2b$10$62lUkKyby4NrVgxD35/30.fKFKqTvE6szKx/VjNgnSIaVVHuD..mW','STUDENT',TRUE,NULL,'2026-04-10T00:58:37.574Z','2026-04-10T00:58:37.574Z');
INSERT INTO users (id,email,password,role,"isActive",avatar,"createdAt","updatedAt") VALUES ('f6e66f73-c51a-4478-9171-71f71e1edffe','sofia.herrera@alumnos.colegiocaro.cl','$2b$10$62lUkKyby4NrVgxD35/30.fKFKqTvE6szKx/VjNgnSIaVVHuD..mW','STUDENT',TRUE,NULL,'2026-04-10T00:58:37.596Z','2026-04-10T00:58:37.596Z');
INSERT INTO users (id,email,password,role,"isActive",avatar,"createdAt","updatedAt") VALUES ('30e34363-6feb-4f3b-ae0f-6c48dbebec6d','nicolas.vega@alumnos.colegiocaro.cl','$2b$10$62lUkKyby4NrVgxD35/30.fKFKqTvE6szKx/VjNgnSIaVVHuD..mW','STUDENT',TRUE,NULL,'2026-04-10T00:58:37.617Z','2026-04-10T00:58:37.617Z');
INSERT INTO users (id,email,password,role,"isActive",avatar,"createdAt","updatedAt") VALUES ('00288612-4749-421c-8792-2e2d7280c280','isidora.morales@alumnos.colegiocaro.cl','$2b$10$62lUkKyby4NrVgxD35/30.fKFKqTvE6szKx/VjNgnSIaVVHuD..mW','STUDENT',TRUE,NULL,'2026-04-10T00:58:37.632Z','2026-04-10T00:58:37.632Z');
INSERT INTO users (id,email,password,role,"isActive",avatar,"createdAt","updatedAt") VALUES ('45fed1df-8194-4955-83ca-d603f7557490','felipe.castro@alumnos.colegiocaro.cl','$2b$10$62lUkKyby4NrVgxD35/30.fKFKqTvE6szKx/VjNgnSIaVVHuD..mW','STUDENT',TRUE,NULL,'2026-04-10T00:58:37.656Z','2026-04-10T00:58:37.656Z');
INSERT INTO users (id,email,password,role,"isActive",avatar,"createdAt","updatedAt") VALUES ('7a11d3d7-f728-43bd-8597-9f90c7c79f18','antonia.pizarro@alumnos.colegiocaro.cl','$2b$10$62lUkKyby4NrVgxD35/30.fKFKqTvE6szKx/VjNgnSIaVVHuD..mW','STUDENT',TRUE,NULL,'2026-04-10T00:58:37.677Z','2026-04-10T00:58:37.677Z');
INSERT INTO users (id,email,password,role,"isActive",avatar,"createdAt","updatedAt") VALUES ('08d994e7-620b-4630-a5f7-3569c4743acc','sebastian.navarro@alumnos.colegiocaro.cl','$2b$10$62lUkKyby4NrVgxD35/30.fKFKqTvE6szKx/VjNgnSIaVVHuD..mW','STUDENT',TRUE,NULL,'2026-04-10T00:58:37.695Z','2026-04-10T00:58:37.695Z');
INSERT INTO users (id,email,password,role,"isActive",avatar,"createdAt","updatedAt") VALUES ('196626b6-c2da-4fdf-a46d-cbcd9a7c0fdf','catalina.rios@alumnos.colegiocaro.cl','$2b$10$62lUkKyby4NrVgxD35/30.fKFKqTvE6szKx/VjNgnSIaVVHuD..mW','STUDENT',TRUE,NULL,'2026-04-10T00:58:37.721Z','2026-04-10T00:58:37.721Z');
INSERT INTO users (id,email,password,role,"isActive",avatar,"createdAt","updatedAt") VALUES ('77a1f4e2-62e5-48d6-b3a5-0a8e2e98eac1','joaquin.sepulveda@alumnos.colegiocaro.cl','$2b$10$62lUkKyby4NrVgxD35/30.fKFKqTvE6szKx/VjNgnSIaVVHuD..mW','STUDENT',TRUE,NULL,'2026-04-10T00:58:37.742Z','2026-04-10T00:58:37.742Z');
INSERT INTO users (id,email,password,role,"isActive",avatar,"createdAt","updatedAt") VALUES ('6d62450d-5ca8-4a5b-bd80-a5308846f97b','fernanda.ortega@alumnos.colegiocaro.cl','$2b$10$62lUkKyby4NrVgxD35/30.fKFKqTvE6szKx/VjNgnSIaVVHuD..mW','STUDENT',TRUE,NULL,'2026-04-10T00:58:37.770Z','2026-04-10T00:58:37.770Z');
INSERT INTO users (id,email,password,role,"isActive",avatar,"createdAt","updatedAt") VALUES ('8d3cc5f7-bfb7-4d5b-a518-e99c4c2c3117','cristobal.vargas@alumnos.colegiocaro.cl','$2b$10$62lUkKyby4NrVgxD35/30.fKFKqTvE6szKx/VjNgnSIaVVHuD..mW','STUDENT',TRUE,NULL,'2026-04-10T00:58:37.790Z','2026-04-10T00:58:37.790Z');
INSERT INTO users (id,email,password,role,"isActive",avatar,"createdAt","updatedAt") VALUES ('bbefe86d-e255-404f-bd2e-0fa642c70734','daniela.contreras@alumnos.colegiocaro.cl','$2b$10$62lUkKyby4NrVgxD35/30.fKFKqTvE6szKx/VjNgnSIaVVHuD..mW','STUDENT',TRUE,NULL,'2026-04-10T00:58:37.810Z','2026-04-10T00:58:37.810Z');
INSERT INTO users (id,email,password,role,"isActive",avatar,"createdAt","updatedAt") VALUES ('b5245bee-4ca8-4e11-a3f2-7a0a8f9eb50d','ignacio.soto@alumnos.colegiocaro.cl','$2b$10$62lUkKyby4NrVgxD35/30.fKFKqTvE6szKx/VjNgnSIaVVHuD..mW','STUDENT',TRUE,NULL,'2026-04-10T00:58:37.832Z','2026-04-10T00:58:37.832Z');
INSERT INTO users (id,email,password,role,"isActive",avatar,"createdAt","updatedAt") VALUES ('e6b028a1-4729-4a9b-9c47-3838de6b617e','javiera.alvarado@alumnos.colegiocaro.cl','$2b$10$62lUkKyby4NrVgxD35/30.fKFKqTvE6szKx/VjNgnSIaVVHuD..mW','STUDENT',TRUE,NULL,'2026-04-10T00:58:37.860Z','2026-04-10T00:58:37.860Z');
INSERT INTO users (id,email,password,role,"isActive",avatar,"createdAt","updatedAt") VALUES ('e8d7d440-6b4c-47e6-b49a-6249138051bd','tomas.espinoza@alumnos.colegiocaro.cl','$2b$10$62lUkKyby4NrVgxD35/30.fKFKqTvE6szKx/VjNgnSIaVVHuD..mW','STUDENT',TRUE,NULL,'2026-04-10T00:58:37.882Z','2026-04-10T00:58:37.882Z');
INSERT INTO users (id,email,password,role,"isActive",avatar,"createdAt","updatedAt") VALUES ('342a5c1f-dcc4-456b-81fc-404aaa8cba9a','barbara.molina@alumnos.colegiocaro.cl','$2b$10$62lUkKyby4NrVgxD35/30.fKFKqTvE6szKx/VjNgnSIaVVHuD..mW','STUDENT',TRUE,NULL,'2026-04-10T00:58:37.902Z','2026-04-10T00:58:37.902Z');
INSERT INTO users (id,email,password,role,"isActive",avatar,"createdAt","updatedAt") VALUES ('80a0f5d4-7067-4396-b840-881b9d8a7d4c','andres.torres@alumnos.colegiocaro.cl','$2b$10$62lUkKyby4NrVgxD35/30.fKFKqTvE6szKx/VjNgnSIaVVHuD..mW','STUDENT',TRUE,NULL,'2026-04-10T00:58:37.925Z','2026-04-10T00:58:37.925Z');
INSERT INTO users (id,email,password,role,"isActive",avatar,"createdAt","updatedAt") VALUES ('5437d395-05a5-42a1-8f2b-732378683b1b','martina.gonzalez@alumnos.colegiocaro.cl','$2b$10$62lUkKyby4NrVgxD35/30.fKFKqTvE6szKx/VjNgnSIaVVHuD..mW','STUDENT',TRUE,NULL,'2026-04-10T00:58:37.942Z','2026-04-10T00:58:37.942Z');
INSERT INTO users (id,email,password,role,"isActive",avatar,"createdAt","updatedAt") VALUES ('591b5401-5648-42e5-9869-f62b7f90d5d9','roberto.diaz@alumnos.colegiocaro.cl','$2b$10$62lUkKyby4NrVgxD35/30.fKFKqTvE6szKx/VjNgnSIaVVHuD..mW','STUDENT',TRUE,NULL,'2026-04-10T00:58:37.966Z','2026-04-10T00:58:37.966Z');
INSERT INTO users (id,email,password,role,"isActive",avatar,"createdAt","updatedAt") VALUES ('4dbb27de-cbf0-4533-8923-154b8c898ced','amanda.reyes@alumnos.colegiocaro.cl','$2b$10$62lUkKyby4NrVgxD35/30.fKFKqTvE6szKx/VjNgnSIaVVHuD..mW','STUDENT',TRUE,NULL,'2026-04-10T00:58:37.991Z','2026-04-10T00:58:37.991Z');
INSERT INTO users (id,email,password,role,"isActive",avatar,"createdAt","updatedAt") VALUES ('67aec007-3d7f-446c-aae6-f6b24c7b5966','gustavo.paredes@alumnos.colegiocaro.cl','$2b$10$62lUkKyby4NrVgxD35/30.fKFKqTvE6szKx/VjNgnSIaVVHuD..mW','STUDENT',TRUE,NULL,'2026-04-10T00:58:38.010Z','2026-04-10T00:58:38.010Z');
INSERT INTO users (id,email,password,role,"isActive",avatar,"createdAt","updatedAt") VALUES ('12201040-3ea7-4af9-94c3-bfa3293559fb','valentina.meza@alumnos.colegiocaro.cl','$2b$10$62lUkKyby4NrVgxD35/30.fKFKqTvE6szKx/VjNgnSIaVVHuD..mW','STUDENT',TRUE,NULL,'2026-04-10T00:58:38.028Z','2026-04-10T00:58:38.028Z');
INSERT INTO users (id,email,password,role,"isActive",avatar,"createdAt","updatedAt") VALUES ('90a352f2-934b-4332-a7eb-611dc40373df','eduardo.campos@alumnos.colegiocaro.cl','$2b$10$62lUkKyby4NrVgxD35/30.fKFKqTvE6szKx/VjNgnSIaVVHuD..mW','STUDENT',TRUE,NULL,'2026-04-10T00:58:38.044Z','2026-04-10T00:58:38.044Z');
INSERT INTO users (id,email,password,role,"isActive",avatar,"createdAt","updatedAt") VALUES ('0baa15a5-ad9d-403f-9804-309bbaae5e5b','florencia.lara@alumnos.colegiocaro.cl','$2b$10$62lUkKyby4NrVgxD35/30.fKFKqTvE6szKx/VjNgnSIaVVHuD..mW','STUDENT',TRUE,NULL,'2026-04-10T00:58:38.062Z','2026-04-10T00:58:38.062Z');
INSERT INTO users (id,email,password,role,"isActive",avatar,"createdAt","updatedAt") VALUES ('b2c78d36-7d8d-4078-b851-9f1502f484ff','maximiliano.vera@alumnos.colegiocaro.cl','$2b$10$62lUkKyby4NrVgxD35/30.fKFKqTvE6szKx/VjNgnSIaVVHuD..mW','STUDENT',TRUE,NULL,'2026-04-10T00:58:38.086Z','2026-04-10T00:58:38.086Z');
INSERT INTO users (id,email,password,role,"isActive",avatar,"createdAt","updatedAt") VALUES ('601bd0aa-3da0-4f7c-94be-e44ca449a77f','constanza.ibanez@alumnos.colegiocaro.cl','$2b$10$62lUkKyby4NrVgxD35/30.fKFKqTvE6szKx/VjNgnSIaVVHuD..mW','STUDENT',TRUE,NULL,'2026-04-10T00:58:38.111Z','2026-04-10T00:58:38.111Z');
INSERT INTO users (id,email,password,role,"isActive",avatar,"createdAt","updatedAt") VALUES ('7484fcc1-4357-4a8d-b6c7-f953b4c64641','pablo.acevedo@alumnos.colegiocaro.cl','$2b$10$62lUkKyby4NrVgxD35/30.fKFKqTvE6szKx/VjNgnSIaVVHuD..mW','STUDENT',TRUE,NULL,'2026-04-10T00:58:38.129Z','2026-04-10T00:58:38.129Z');
INSERT INTO users (id,email,password,role,"isActive",avatar,"createdAt","updatedAt") VALUES ('b15f0ba2-b15a-4237-82ef-a66a3c40b24f','rocio.bustos@alumnos.colegiocaro.cl','$2b$10$62lUkKyby4NrVgxD35/30.fKFKqTvE6szKx/VjNgnSIaVVHuD..mW','STUDENT',TRUE,NULL,'2026-04-10T00:58:38.149Z','2026-04-10T00:58:38.149Z');
INSERT INTO users (id,email,password,role,"isActive",avatar,"createdAt","updatedAt") VALUES ('1e0eb9a8-7cc7-47df-8887-7cb9a79af886','alejandro.figueroa@alumnos.colegiocaro.cl','$2b$10$62lUkKyby4NrVgxD35/30.fKFKqTvE6szKx/VjNgnSIaVVHuD..mW','STUDENT',TRUE,NULL,'2026-04-10T00:58:38.169Z','2026-04-10T00:58:38.169Z');
INSERT INTO users (id,email,password,role,"isActive",avatar,"createdAt","updatedAt") VALUES ('4c5222f6-f671-42b4-9c00-7ac2e948738a','gabriela.cortes@alumnos.colegiocaro.cl','$2b$10$62lUkKyby4NrVgxD35/30.fKFKqTvE6szKx/VjNgnSIaVVHuD..mW','STUDENT',TRUE,NULL,'2026-04-10T00:58:38.196Z','2026-04-10T00:58:38.196Z');
INSERT INTO users (id,email,password,role,"isActive",avatar,"createdAt","updatedAt") VALUES ('52976a06-e85e-4cfb-b30b-d8c1c81e5955','rodrigo.pena@alumnos.colegiocaro.cl','$2b$10$62lUkKyby4NrVgxD35/30.fKFKqTvE6szKx/VjNgnSIaVVHuD..mW','STUDENT',TRUE,NULL,'2026-04-10T00:58:38.225Z','2026-04-10T00:58:38.225Z');
INSERT INTO users (id,email,password,role,"isActive",avatar,"createdAt","updatedAt") VALUES ('a0b652f9-3caf-46c7-bfd1-de1bda94770e','patricia.saavedra@alumnos.colegiocaro.cl','$2b$10$62lUkKyby4NrVgxD35/30.fKFKqTvE6szKx/VjNgnSIaVVHuD..mW','STUDENT',TRUE,NULL,'2026-04-10T00:58:38.244Z','2026-04-10T00:58:38.244Z');
INSERT INTO users (id,email,password,role,"isActive",avatar,"createdAt","updatedAt") VALUES ('cc07e8ac-d20f-4973-9d2d-bf8474edf482','javier.medina@alumnos.colegiocaro.cl','$2b$10$62lUkKyby4NrVgxD35/30.fKFKqTvE6szKx/VjNgnSIaVVHuD..mW','STUDENT',TRUE,NULL,'2026-04-10T00:58:38.256Z','2026-04-10T00:58:38.256Z');
INSERT INTO users (id,email,password,role,"isActive",avatar,"createdAt","updatedAt") VALUES ('77309a7c-6b22-4c73-a1fe-1f536e22b912','andrea.valenzuela@alumnos.colegiocaro.cl','$2b$10$62lUkKyby4NrVgxD35/30.fKFKqTvE6szKx/VjNgnSIaVVHuD..mW','STUDENT',TRUE,NULL,'2026-04-10T00:58:38.270Z','2026-04-10T00:58:38.270Z');
INSERT INTO users (id,email,password,role,"isActive",avatar,"createdAt","updatedAt") VALUES ('cd1d3c89-2fc2-4102-9d3a-c835831dcfba','carlos.avila@alumnos.colegiocaro.cl','$2b$10$62lUkKyby4NrVgxD35/30.fKFKqTvE6szKx/VjNgnSIaVVHuD..mW','STUDENT',TRUE,NULL,'2026-04-10T00:58:38.283Z','2026-04-10T00:58:38.283Z');
INSERT INTO users (id,email,password,role,"isActive",avatar,"createdAt","updatedAt") VALUES ('d4ddd724-941c-4d5d-8767-bffbb70997b9','ximena.carrasco@alumnos.colegiocaro.cl','$2b$10$62lUkKyby4NrVgxD35/30.fKFKqTvE6szKx/VjNgnSIaVVHuD..mW','STUDENT',TRUE,NULL,'2026-04-10T00:58:38.290Z','2026-04-10T00:58:38.290Z');
INSERT INTO users (id,email,password,role,"isActive",avatar,"createdAt","updatedAt") VALUES ('a0aebfab-e5e6-42ca-a909-0a24d4866c87','hector.riquelme@alumnos.colegiocaro.cl','$2b$10$62lUkKyby4NrVgxD35/30.fKFKqTvE6szKx/VjNgnSIaVVHuD..mW','STUDENT',TRUE,NULL,'2026-04-10T00:58:38.300Z','2026-04-10T00:58:38.300Z');
INSERT INTO users (id,email,password,role,"isActive",avatar,"createdAt","updatedAt") VALUES ('70d35e30-dacc-4860-954b-b69f41e2d41c','macarena.poblete@alumnos.colegiocaro.cl','$2b$10$62lUkKyby4NrVgxD35/30.fKFKqTvE6szKx/VjNgnSIaVVHuD..mW','STUDENT',TRUE,NULL,'2026-04-10T00:58:38.310Z','2026-04-10T00:58:38.310Z');
INSERT INTO users (id,email,password,role,"isActive",avatar,"createdAt","updatedAt") VALUES ('79188018-1d67-470e-8eb5-4cd40cfe86ef','leonardo.tapia@alumnos.colegiocaro.cl','$2b$10$62lUkKyby4NrVgxD35/30.fKFKqTvE6szKx/VjNgnSIaVVHuD..mW','STUDENT',TRUE,NULL,'2026-04-10T00:58:38.322Z','2026-04-10T00:58:38.322Z');
INSERT INTO users (id,email,password,role,"isActive",avatar,"createdAt","updatedAt") VALUES ('091b538f-e094-4ce8-befb-0425cedc905b','natalia.jara@alumnos.colegiocaro.cl','$2b$10$62lUkKyby4NrVgxD35/30.fKFKqTvE6szKx/VjNgnSIaVVHuD..mW','STUDENT',TRUE,NULL,'2026-04-10T00:58:38.328Z','2026-04-10T00:58:38.328Z');
INSERT INTO users (id,email,password,role,"isActive",avatar,"createdAt","updatedAt") VALUES ('7c0ae526-aebb-474f-b075-0de20d4f6bb8','sergio.aguilera@alumnos.colegiocaro.cl','$2b$10$62lUkKyby4NrVgxD35/30.fKFKqTvE6szKx/VjNgnSIaVVHuD..mW','STUDENT',TRUE,NULL,'2026-04-10T00:58:38.341Z','2026-04-10T00:58:38.341Z');
INSERT INTO users (id,email,password,role,"isActive",avatar,"createdAt","updatedAt") VALUES ('a3ed491b-7e23-4f93-84e2-d78f295eb493','claudia.caro@alumnos.colegiocaro.cl','$2b$10$62lUkKyby4NrVgxD35/30.fKFKqTvE6szKx/VjNgnSIaVVHuD..mW','STUDENT',TRUE,NULL,'2026-04-10T00:58:38.352Z','2026-04-10T00:58:38.352Z');
INSERT INTO users (id,email,password,role,"isActive",avatar,"createdAt","updatedAt") VALUES ('51673e8d-3009-481b-8737-08b39c3e0641','mauricio.pino@alumnos.colegiocaro.cl','$2b$10$62lUkKyby4NrVgxD35/30.fKFKqTvE6szKx/VjNgnSIaVVHuD..mW','STUDENT',TRUE,NULL,'2026-04-10T00:58:38.367Z','2026-04-10T00:58:38.367Z');
INSERT INTO users (id,email,password,role,"isActive",avatar,"createdAt","updatedAt") VALUES ('fbbe846e-3e6a-4375-bcb3-d2c7e8c5c8c7','paulina.leiva@alumnos.colegiocaro.cl','$2b$10$62lUkKyby4NrVgxD35/30.fKFKqTvE6szKx/VjNgnSIaVVHuD..mW','STUDENT',TRUE,NULL,'2026-04-10T00:58:38.375Z','2026-04-10T00:58:38.375Z');
INSERT INTO users (id,email,password,role,"isActive",avatar,"createdAt","updatedAt") VALUES ('bf11b885-ed53-4435-bb33-dc8004532377','ricardo.garrido@alumnos.colegiocaro.cl','$2b$10$62lUkKyby4NrVgxD35/30.fKFKqTvE6szKx/VjNgnSIaVVHuD..mW','STUDENT',TRUE,NULL,'2026-04-10T00:58:38.384Z','2026-04-10T00:58:38.384Z');
INSERT INTO users (id,email,password,role,"isActive",avatar,"createdAt","updatedAt") VALUES ('dd4c76a1-68b0-4c2d-aa9f-937c91392957','victoria.santibanez@alumnos.colegiocaro.cl','$2b$10$62lUkKyby4NrVgxD35/30.fKFKqTvE6szKx/VjNgnSIaVVHuD..mW','STUDENT',TRUE,NULL,'2026-04-10T00:58:38.395Z','2026-04-10T00:58:38.395Z');
INSERT INTO users (id,email,password,role,"isActive",avatar,"createdAt","updatedAt") VALUES ('2f6f450d-d444-4e48-a4ea-8903318c40f2','techsolutions@redtalento.cl','$2b$10$62lUkKyby4NrVgxD35/30.fKFKqTvE6szKx/VjNgnSIaVVHuD..mW','EMPRESA',TRUE,NULL,'2026-04-10T00:58:38.402Z','2026-04-10T00:58:38.402Z');
INSERT INTO users (id,email,password,role,"isActive",avatar,"createdAt","updatedAt") VALUES ('cc9359e2-e517-43f7-9820-6b523317442a','maquinariacentral@redtalento.cl','$2b$10$62lUkKyby4NrVgxD35/30.fKFKqTvE6szKx/VjNgnSIaVVHuD..mW','EMPRESA',TRUE,NULL,'2026-04-10T00:58:38.408Z','2026-04-10T00:58:38.408Z');
INSERT INTO users (id,email,password,role,"isActive",avatar,"createdAt","updatedAt") VALUES ('a14ba31d-cca9-48c1-9b20-00a61599b89c','supermercadosandino@redtalento.cl','$2b$10$62lUkKyby4NrVgxD35/30.fKFKqTvE6szKx/VjNgnSIaVVHuD..mW','EMPRESA',TRUE,NULL,'2026-04-10T00:58:38.411Z','2026-04-10T00:58:38.411Z');
INSERT INTO users (id,email,password,role,"isActive",avatar,"createdAt","updatedAt") VALUES ('53d4492f-9d02-47b1-bb54-d6c796ba299b','logisticaexpress@redtalento.cl','$2b$10$62lUkKyby4NrVgxD35/30.fKFKqTvE6szKx/VjNgnSIaVVHuD..mW','EMPRESA',TRUE,NULL,'2026-04-10T00:58:38.415Z','2026-04-10T00:58:38.415Z');
INSERT INTO users (id,email,password,role,"isActive",avatar,"createdAt","updatedAt") VALUES ('35f2ea94-c71e-41d1-8ddd-ec24b3705ab0','restaurantegaston@redtalento.cl','$2b$10$62lUkKyby4NrVgxD35/30.fKFKqTvE6szKx/VjNgnSIaVVHuD..mW','EMPRESA',TRUE,NULL,'2026-04-10T00:58:38.418Z','2026-04-10T00:58:38.418Z');
INSERT INTO users (id,email,password,role,"isActive",avatar,"createdAt","updatedAt") VALUES ('d8f92cfe-0b80-4f26-86fe-a7e9004b7368','electricidadtotal@redtalento.cl','$2b$10$62lUkKyby4NrVgxD35/30.fKFKqTvE6szKx/VjNgnSIaVVHuD..mW','EMPRESA',TRUE,NULL,'2026-04-10T00:58:38.421Z','2026-04-10T00:58:38.421Z');
INSERT INTO users (id,email,password,role,"isActive",avatar,"createdAt","updatedAt") VALUES ('02e9905b-e486-4c2b-9e1b-99604afe6581','networkpro@redtalento.cl','$2b$10$62lUkKyby4NrVgxD35/30.fKFKqTvE6szKx/VjNgnSIaVVHuD..mW','EMPRESA',TRUE,NULL,'2026-04-10T00:58:38.424Z','2026-04-10T00:58:38.424Z');
INSERT INTO users (id,email,password,role,"isActive",avatar,"createdAt","updatedAt") VALUES ('0e1fec8c-a85c-4473-947a-a43d65a73392','consultoraabc@redtalento.cl','$2b$10$62lUkKyby4NrVgxD35/30.fKFKqTvE6szKx/VjNgnSIaVVHuD..mW','EMPRESA',TRUE,NULL,'2026-04-10T00:58:38.428Z','2026-04-10T00:58:38.428Z');
INSERT INTO users (id,email,password,role,"isActive",avatar,"createdAt","updatedAt") VALUES ('9fa2a4c1-4eaf-42b1-85b6-192e1fb8d48e','automotrizcentrosur@redtalento.cl','$2b$10$62lUkKyby4NrVgxD35/30.fKFKqTvE6szKx/VjNgnSIaVVHuD..mW','EMPRESA',TRUE,NULL,'2026-04-10T00:58:38.431Z','2026-04-10T00:58:38.431Z');
INSERT INTO users (id,email,password,role,"isActive",avatar,"createdAt","updatedAt") VALUES ('17b3f509-edce-4240-a771-b075263fad10','innosoft@redtalento.cl','$2b$10$62lUkKyby4NrVgxD35/30.fKFKqTvE6szKx/VjNgnSIaVVHuD..mW','EMPRESA',TRUE,NULL,'2026-04-10T00:58:38.434Z','2026-04-10T00:58:38.434Z');

-- SCHOOL PROFILES (1)
INSERT INTO school_profiles (id,"userId",name,description,location,website,logo,"coverImage",specialties,"createdAt","updatedAt") VALUES ('a467d55b-ee5d-4943-bb21-005f005960d4','5abfbff4-7b9d-4168-8e01-7d39719ff2fb','Centro Educacional Cardenal José María Caro','Establecimiento técnico profesional con más de 40 años de historia formando técnicos de nivel medio en diversas especialidades. Comprometidos con la excelencia académica y la inserción laboral de nuestros egresados.','Región Metropolitana','https://colegiocaro.cl',NULL,NULL,'Programación,Redes y Telecomunicaciones,Electricidad,Mecánica Automotriz,Administración,Gastronomía,Contabilidad','2026-04-10T00:58:37.444Z','2026-04-10T00:58:37.444Z');

-- COMPANY PROFILES (10)
INSERT INTO company_profiles (id,"userId",name,description,industry,size,location,website,logo,"coverImage","createdAt","updatedAt") VALUES ('8dfb66a6-5caf-47ed-a4ca-8b7578e002bf','2f6f450d-d444-4e48-a4ea-8903318c40f2','TechSolutions Chile SpA','Empresa de desarrollo de software y consultoría tecnológica. Trabajamos con clientes en banca, retail y gobierno desarrollando soluciones a medida con tecnologías modernas.','Tecnología','50-200 empleados','Santiago, Región Metropolitana','https://techsolutions.cl',NULL,NULL,'2026-04-10T00:58:38.404Z','2026-04-10T00:58:38.404Z');
INSERT INTO company_profiles (id,"userId",name,description,industry,size,location,website,logo,"coverImage","createdAt","updatedAt") VALUES ('4aeb0547-48b9-48c5-8e49-b5fbaee0b2d2','cc9359e2-e517-43f7-9820-6b523317442a','Maquinaria Central S.A.','Empresa líder en venta y mantención de maquinaria pesada para construcción y minería. Distribuidor oficial de Caterpillar en la zona sur.','Construcción e Ingeniería','200-500 empleados','Concepción, Biobío','https://maquinariacentral.cl',NULL,NULL,'2026-04-10T00:58:38.410Z','2026-04-10T00:58:38.410Z');
INSERT INTO company_profiles (id,"userId",name,description,industry,size,location,website,logo,"coverImage","createdAt","updatedAt") VALUES ('cbc33963-9bff-43c4-a00d-5822111a3408','a14ba31d-cca9-48c1-9b20-00a61599b89c','Supermercados Andino','Cadena de supermercados con presencia en toda la Región Metropolitana. Buscamos incorporar jóvenes talentos en áreas de logística, administración y gastronomía.','Retail','500-1000 empleados','Santiago, Región Metropolitana','https://andino.cl',NULL,NULL,'2026-04-10T00:58:38.413Z','2026-04-10T00:58:38.413Z');
INSERT INTO company_profiles (id,"userId",name,description,industry,size,location,website,logo,"coverImage","createdAt","updatedAt") VALUES ('15d0d322-854c-49a7-9043-55b8e0767f3d','53d4492f-9d02-47b1-bb54-d6c796ba299b','Logística Express Ltda.','Empresa de logística y distribución con flota de 200 vehículos. Operamos en todo Chile con enfoque en e-commerce y distribución de última milla.','Logística y Transporte','100-500 empleados','Valparaíso, Valparaíso','https://logisticaexpress.cl',NULL,NULL,'2026-04-10T00:58:38.416Z','2026-04-10T00:58:38.416Z');
INSERT INTO company_profiles (id,"userId",name,description,industry,size,location,website,logo,"coverImage","createdAt","updatedAt") VALUES ('c1231711-23df-4737-b9f2-362496f26a06','35f2ea94-c71e-41d1-8ddd-ec24b3705ab0','Gastón Restaurantes S.A.','Grupo de restaurantes con 5 locales en Santiago especializados en cocina chilena contemporánea y cocina de autor. Formamos parte del movimiento gastronómico nacional.','Gastronomía y Hotelería','50-200 empleados','Santiago, Región Metropolitana','https://gaston.cl',NULL,NULL,'2026-04-10T00:58:38.419Z','2026-04-10T00:58:38.419Z');
INSERT INTO company_profiles (id,"userId",name,description,industry,size,location,website,logo,"coverImage","createdAt","updatedAt") VALUES ('c60cef6a-dfa0-4604-a930-a032903fc4f3','d8f92cfe-0b80-4f26-86fe-a7e9004b7368','Electricidad Total SpA','Empresa de servicios eléctricos industriales y residenciales. Especialistas en instalaciones fotovoltaicas y automatización de edificios.','Energía y Electricidad','10-50 empleados','Santiago, Región Metropolitana','https://electricidadtotal.cl',NULL,NULL,'2026-04-10T00:58:38.422Z','2026-04-10T00:58:38.422Z');
INSERT INTO company_profiles (id,"userId",name,description,industry,size,location,website,logo,"coverImage","createdAt","updatedAt") VALUES ('6cc475c7-9f66-40a3-94b9-6da69f2dfaf9','02e9905b-e486-4c2b-9e1b-99604afe6581','NetworkPro Ltda.','Empresa especialista en infraestructura de redes, ciberseguridad y soporte TI para empresas medianas. Partners certificados de Cisco y Fortinet.','Tecnología e Infraestructura','10-50 empleados','Santiago, Región Metropolitana','https://networkpro.cl',NULL,NULL,'2026-04-10T00:58:38.426Z','2026-04-10T00:58:38.426Z');
INSERT INTO company_profiles (id,"userId",name,description,industry,size,location,website,logo,"coverImage","createdAt","updatedAt") VALUES ('6bdcc78f-e275-46c1-8fc0-1e08e27e7001','0e1fec8c-a85c-4473-947a-a43d65a73392','Consultoría ABC & Partners','Firma de consultoría en gestión empresarial, contabilidad y finanzas para PYMES. Ofrecemos prácticas reales con tutoría profesional.','Servicios Profesionales','10-50 empleados','Santiago, Región Metropolitana','https://abcpartners.cl',NULL,NULL,'2026-04-10T00:58:38.429Z','2026-04-10T00:58:38.429Z');
INSERT INTO company_profiles (id,"userId",name,description,industry,size,location,website,logo,"coverImage","createdAt","updatedAt") VALUES ('bf3db404-807f-4233-ace3-ef592d5758d1','9fa2a4c1-4eaf-42b1-85b6-192e1fb8d48e','Automotriz Centro Sur','Concesionario multimarca con taller de servicio técnico. Representantes de Toyota, Hyundai y Chevrolet en la región de O''Higgins.','Automotriz','50-200 empleados','Rancagua, O''Higgins','https://centrosur.cl',NULL,NULL,'2026-04-10T00:58:38.433Z','2026-04-10T00:58:38.433Z');
INSERT INTO company_profiles (id,"userId",name,description,industry,size,location,website,logo,"coverImage","createdAt","updatedAt") VALUES ('4a9cb19b-4d9c-4f9b-954c-1b3a0aead20f','17b3f509-edce-4240-a771-b075263fad10','InnoSoft Desarrollo Digital','Startup de desarrollo de aplicaciones móviles y plataformas SaaS. Trabajamos con metodologías ágiles y tecnologías de última generación.','Tecnología','10-50 empleados','Santiago, Región Metropolitana','https://innosoft.cl',NULL,NULL,'2026-04-10T00:58:38.436Z','2026-04-10T00:58:38.436Z');

-- STUDENT PROFILES (50)
INSERT INTO student_profiles (id,"userId","firstName","lastName",headline,bio,specialty,year,gpa,phone,location,avatar,"coverImage","linkedinUrl","githubUrl","portfolioUrl","readinessScore","profileViews","createdAt","updatedAt") VALUES ('6a86e330-41c3-4ce2-a414-70142d685da9','66eb6458-eb7a-40a7-89d0-d4d17c2c9c5f','Matías','Arancibia','Estudiante de programación con proyectos en Node.js y Python','Estudiante de Programación en el Centro Educacional Cardenal José María Caro, cursando 1° año. Me apasiona mi especialidad y busco oportunidades para aplicar mis conocimientos en un ambiente laboral real. Comprometido con el aprendizaje continuo y el trabajo en equipo.','Programación',1,'5.6','+56951724740','Santiago, RM',NULL,NULL,'https://linkedin.com/in/matias-arancibia','https://github.com/matiasarancibia',NULL,82,0,'2026-04-10T00:58:37.457Z','2026-04-10T00:58:37.501Z');
INSERT INTO student_profiles (id,"userId","firstName","lastName",headline,bio,specialty,year,gpa,phone,location,avatar,"coverImage","linkedinUrl","githubUrl","portfolioUrl","readinessScore","profileViews","createdAt","updatedAt") VALUES ('2a3191b3-3e7d-4f3e-ac69-d7537b184ea5','0cbd95f3-9021-4a68-852f-9fe63faf71c4','Valentina','Salinas','Estudiante de redes con certificación CompTIA N+ en proceso','Estudiante de Redes y Telecomunicaciones en el Centro Educacional Cardenal José María Caro, cursando 4° año. Me apasiona mi especialidad y busco oportunidades para aplicar mis conocimientos en un ambiente laboral real. Comprometido con el aprendizaje continuo y el trabajo en equipo.','Redes y Telecomunicaciones',4,'4.9','+56992628741','San Bernardo, RM',NULL,NULL,'https://linkedin.com/in/valentina-salinas',NULL,NULL,74,0,'2026-04-10T00:58:37.508Z','2026-04-10T00:58:37.524Z');
INSERT INTO student_profiles (id,"userId","firstName","lastName",headline,bio,specialty,year,gpa,phone,location,avatar,"coverImage","linkedinUrl","githubUrl","portfolioUrl","readinessScore","profileViews","createdAt","updatedAt") VALUES ('a9faa1af-3daa-4152-8da3-d0e9bf4fadcd','3d45039c-96af-4b0e-b76e-89fc1711568c','Benjamín','Rojas','Estudiante de electricidad con proyectos de automatización domótica','Estudiante de Electricidad en el Centro Educacional Cardenal José María Caro, cursando 2° año. Me apasiona mi especialidad y busco oportunidades para aplicar mis conocimientos en un ambiente laboral real. Comprometido con el aprendizaje continuo y el trabajo en equipo.','Electricidad',2,'6.3','+56910443990','Concepción',NULL,NULL,'https://linkedin.com/in/benjamin-rojas',NULL,NULL,90,0,'2026-04-10T00:58:37.526Z','2026-04-10T00:58:37.550Z');
INSERT INTO student_profiles (id,"userId","firstName","lastName",headline,bio,specialty,year,gpa,phone,location,avatar,"coverImage","linkedinUrl","githubUrl","portfolioUrl","readinessScore","profileViews","createdAt","updatedAt") VALUES ('3ae67e46-56b1-443c-8fbc-3bb7bb8b1c4a','de615b9f-a98f-4abc-880d-be0d6d86dad0','Camila','Fuentes','Estudiante de mecánica con experiencia en taller escolar','Estudiante de Mecánica Automotriz en el Centro Educacional Cardenal José María Caro, cursando 3° año. Me apasiona mi especialidad y busco oportunidades para aplicar mis conocimientos en un ambiente laboral real. Comprometido con el aprendizaje continuo y el trabajo en equipo.','Mecánica Automotriz',3,'6.9','+56988663076','Rancagua',NULL,NULL,'https://linkedin.com/in/camila-fuentes',NULL,NULL,84,0,'2026-04-10T00:58:37.553Z','2026-04-10T00:58:37.572Z');
INSERT INTO student_profiles (id,"userId","firstName","lastName",headline,bio,specialty,year,gpa,phone,location,avatar,"coverImage","linkedinUrl","githubUrl","portfolioUrl","readinessScore","profileViews","createdAt","updatedAt") VALUES ('6c6009ba-6aaa-4d19-baf1-ed6c6032cc93','c3f06764-421e-4f7f-a332-ede51ac00063','Diego','Muñoz','Interesado en gestión de RRHH y procesos empresariales','Estudiante de Administración en el Centro Educacional Cardenal José María Caro, cursando 3° año. Me apasiona mi especialidad y busco oportunidades para aplicar mis conocimientos en un ambiente laboral real. Comprometido con el aprendizaje continuo y el trabajo en equipo.','Administración',3,'5.9','+56985595535','San Bernardo, RM',NULL,NULL,'https://linkedin.com/in/diego-munoz',NULL,NULL,69,0,'2026-04-10T00:58:37.576Z','2026-04-10T00:58:37.594Z');
INSERT INTO student_profiles (id,"userId","firstName","lastName",headline,bio,specialty,year,gpa,phone,location,avatar,"coverImage","linkedinUrl","githubUrl","portfolioUrl","readinessScore","profileViews","createdAt","updatedAt") VALUES ('8fe8c249-fca5-4b90-90d6-a8abea1d2fb9','f6e66f73-c51a-4478-9171-71f71e1edffe','Sofía','Herrera','Estudiante de gastronomía con experiencia en eventos y catering','Estudiante de Gastronomía en el Centro Educacional Cardenal José María Caro, cursando 4° año. Me apasiona mi especialidad y busco oportunidades para aplicar mis conocimientos en un ambiente laboral real. Comprometido con el aprendizaje continuo y el trabajo en equipo.','Gastronomía',4,'6.8','+56996263586','Valparaíso',NULL,NULL,'https://linkedin.com/in/sofia-herrera',NULL,NULL,55,0,'2026-04-10T00:58:37.598Z','2026-04-10T00:58:37.616Z');
INSERT INTO student_profiles (id,"userId","firstName","lastName",headline,bio,specialty,year,gpa,phone,location,avatar,"coverImage","linkedinUrl","githubUrl","portfolioUrl","readinessScore","profileViews","createdAt","updatedAt") VALUES ('7a6db892-88e1-4f3f-a935-64aed6e3b05e','30e34363-6feb-4f3b-ae0f-6c48dbebec6d','Nicolás','Vega','Apasionado por el análisis financiero y auditoría','Estudiante de Contabilidad en el Centro Educacional Cardenal José María Caro, cursando 4° año. Me apasiona mi especialidad y busco oportunidades para aplicar mis conocimientos en un ambiente laboral real. Comprometido con el aprendizaje continuo y el trabajo en equipo.','Contabilidad',4,'6.7','+56922997879','Rancagua',NULL,NULL,'https://linkedin.com/in/nicolas-vega',NULL,NULL,48,0,'2026-04-10T00:58:37.618Z','2026-04-10T00:58:37.631Z');
INSERT INTO student_profiles (id,"userId","firstName","lastName",headline,bio,specialty,year,gpa,phone,location,avatar,"coverImage","linkedinUrl","githubUrl","portfolioUrl","readinessScore","profileViews","createdAt","updatedAt") VALUES ('05028e09-e960-4ae4-9aee-811051e6814a','00288612-4749-421c-8792-2e2d7280c280','Isidora','Morales','Desarrollador web con foco en frontend React','Estudiante de Programación en el Centro Educacional Cardenal José María Caro, cursando 4° año. Me apasiona mi especialidad y busco oportunidades para aplicar mis conocimientos en un ambiente laboral real. Comprometido con el aprendizaje continuo y el trabajo en equipo.','Programación',4,'5.3','+56934753655','San Bernardo, RM',NULL,NULL,'https://linkedin.com/in/isidora-morales','https://github.com/isidoramorales',NULL,87,0,'2026-04-10T00:58:37.633Z','2026-04-10T00:58:37.655Z');
INSERT INTO student_profiles (id,"userId","firstName","lastName",headline,bio,specialty,year,gpa,phone,location,avatar,"coverImage","linkedinUrl","githubUrl","portfolioUrl","readinessScore","profileViews","createdAt","updatedAt") VALUES ('d74deed2-9838-40cb-8e21-50d58c03c523','45fed1df-8194-4955-83ca-d603f7557490','Felipe','Castro','Estudiante de redes con certificación CompTIA N+ en proceso','Estudiante de Redes y Telecomunicaciones en el Centro Educacional Cardenal José María Caro, cursando 3° año. Me apasiona mi especialidad y busco oportunidades para aplicar mis conocimientos en un ambiente laboral real. Comprometido con el aprendizaje continuo y el trabajo en equipo.','Redes y Telecomunicaciones',3,'6.0','+56958768392','San Bernardo, RM',NULL,NULL,'https://linkedin.com/in/felipe-castro',NULL,NULL,73,0,'2026-04-10T00:58:37.659Z','2026-04-10T00:58:37.676Z');
INSERT INTO student_profiles (id,"userId","firstName","lastName",headline,bio,specialty,year,gpa,phone,location,avatar,"coverImage","linkedinUrl","githubUrl","portfolioUrl","readinessScore","profileViews","createdAt","updatedAt") VALUES ('40533205-58ee-43c5-b439-a23e3301702f','7a11d3d7-f728-43bd-8597-9f90c7c79f18','Antonia','Pizarro','Estudiante de electricidad con proyectos de automatización domótica','Estudiante de Electricidad en el Centro Educacional Cardenal José María Caro, cursando 1° año. Me apasiona mi especialidad y busco oportunidades para aplicar mis conocimientos en un ambiente laboral real. Comprometido con el aprendizaje continuo y el trabajo en equipo.','Electricidad',1,'5.4','+56971031153','San Bernardo, RM',NULL,NULL,'https://linkedin.com/in/antonia-pizarro',NULL,NULL,74,0,'2026-04-10T00:58:37.679Z','2026-04-10T00:58:37.694Z');
INSERT INTO student_profiles (id,"userId","firstName","lastName",headline,bio,specialty,year,gpa,phone,location,avatar,"coverImage","linkedinUrl","githubUrl","portfolioUrl","readinessScore","profileViews","createdAt","updatedAt") VALUES ('c0917d45-5f5e-48b6-947d-9247402e7370','08d994e7-620b-4630-a5f7-3569c4743acc','Sebastián','Navarro','Técnico automotriz con manejo de diagnóstico OBD2','Estudiante de Mecánica Automotriz en el Centro Educacional Cardenal José María Caro, cursando 1° año. Me apasiona mi especialidad y busco oportunidades para aplicar mis conocimientos en un ambiente laboral real. Comprometido con el aprendizaje continuo y el trabajo en equipo.','Mecánica Automotriz',1,'6.7','+56975375532','Rancagua',NULL,NULL,'https://linkedin.com/in/sebastian-navarro',NULL,NULL,80,0,'2026-04-10T00:58:37.697Z','2026-04-10T00:58:37.720Z');
INSERT INTO student_profiles (id,"userId","firstName","lastName",headline,bio,specialty,year,gpa,phone,location,avatar,"coverImage","linkedinUrl","githubUrl","portfolioUrl","readinessScore","profileViews","createdAt","updatedAt") VALUES ('d86b334c-b08c-477b-9ee1-c9d92755d89b','196626b6-c2da-4fdf-a46d-cbcd9a7c0fdf','Catalina','Ríos','Interesado en gestión de RRHH y procesos empresariales','Estudiante de Administración en el Centro Educacional Cardenal José María Caro, cursando 4° año. Me apasiona mi especialidad y busco oportunidades para aplicar mis conocimientos en un ambiente laboral real. Comprometido con el aprendizaje continuo y el trabajo en equipo.','Administración',4,'4.8','+56947680601','Concepción',NULL,NULL,'https://linkedin.com/in/catalina-rios',NULL,NULL,67,0,'2026-04-10T00:58:37.723Z','2026-04-10T00:58:37.741Z');
INSERT INTO student_profiles (id,"userId","firstName","lastName",headline,bio,specialty,year,gpa,phone,location,avatar,"coverImage","linkedinUrl","githubUrl","portfolioUrl","readinessScore","profileViews","createdAt","updatedAt") VALUES ('e77a9b9c-a419-4add-9bb3-6e534cff531b','77a1f4e2-62e5-48d6-b3a5-0a8e2e98eac1','Joaquín','Sepúlveda','Cocinero técnico con especialización en cocina chilena e internacional','Estudiante de Gastronomía en el Centro Educacional Cardenal José María Caro, cursando 1° año. Me apasiona mi especialidad y busco oportunidades para aplicar mis conocimientos en un ambiente laboral real. Comprometido con el aprendizaje continuo y el trabajo en equipo.','Gastronomía',1,'6.6','+56981928999','Valparaíso',NULL,NULL,'https://linkedin.com/in/joaquin-sepulveda',NULL,NULL,91,0,'2026-04-10T00:58:37.744Z','2026-04-10T00:58:37.769Z');
INSERT INTO student_profiles (id,"userId","firstName","lastName",headline,bio,specialty,year,gpa,phone,location,avatar,"coverImage","linkedinUrl","githubUrl","portfolioUrl","readinessScore","profileViews","createdAt","updatedAt") VALUES ('7aa2c535-e6a1-4a83-a713-875bd4a29a90','6d62450d-5ca8-4a5b-bd80-a5308846f97b','Fernanda','Ortega','Estudiante de contabilidad con manejo de software ERP','Estudiante de Contabilidad en el Centro Educacional Cardenal José María Caro, cursando 3° año. Me apasiona mi especialidad y busco oportunidades para aplicar mis conocimientos en un ambiente laboral real. Comprometido con el aprendizaje continuo y el trabajo en equipo.','Contabilidad',3,'6.2','+56980294389','Santiago, RM',NULL,NULL,'https://linkedin.com/in/fernanda-ortega',NULL,NULL,90,0,'2026-04-10T00:58:37.772Z','2026-04-10T00:58:37.788Z');
INSERT INTO student_profiles (id,"userId","firstName","lastName",headline,bio,specialty,year,gpa,phone,location,avatar,"coverImage","linkedinUrl","githubUrl","portfolioUrl","readinessScore","profileViews","createdAt","updatedAt") VALUES ('c9884408-42dd-4e40-a5ed-dfc8e6dfc485','8d3cc5f7-bfb7-4d5b-a518-e99c4c2c3117','Cristóbal','Vargas','Desarrollador web con foco en frontend React','Estudiante de Programación en el Centro Educacional Cardenal José María Caro, cursando 4° año. Me apasiona mi especialidad y busco oportunidades para aplicar mis conocimientos en un ambiente laboral real. Comprometido con el aprendizaje continuo y el trabajo en equipo.','Programación',4,'5.8','+56955376707','Santiago, RM',NULL,NULL,'https://linkedin.com/in/cristobal-vargas','https://github.com/cristobalvargas',NULL,58,0,'2026-04-10T00:58:37.791Z','2026-04-10T00:58:37.809Z');
INSERT INTO student_profiles (id,"userId","firstName","lastName",headline,bio,specialty,year,gpa,phone,location,avatar,"coverImage","linkedinUrl","githubUrl","portfolioUrl","readinessScore","profileViews","createdAt","updatedAt") VALUES ('3bdc6ef4-6ad5-41e5-a280-a41de2954dc7','bbefe86d-e255-404f-bd2e-0fa642c70734','Daniela','Contreras','Estudiante de redes con certificación CompTIA N+ en proceso','Estudiante de Redes y Telecomunicaciones en el Centro Educacional Cardenal José María Caro, cursando 2° año. Me apasiona mi especialidad y busco oportunidades para aplicar mis conocimientos en un ambiente laboral real. Comprometido con el aprendizaje continuo y el trabajo en equipo.','Redes y Telecomunicaciones',2,'5.0','+56959880194','Valparaíso',NULL,NULL,'https://linkedin.com/in/daniela-contreras',NULL,NULL,80,0,'2026-04-10T00:58:37.813Z','2026-04-10T00:58:37.831Z');
INSERT INTO student_profiles (id,"userId","firstName","lastName",headline,bio,specialty,year,gpa,phone,location,avatar,"coverImage","linkedinUrl","githubUrl","portfolioUrl","readinessScore","profileViews","createdAt","updatedAt") VALUES ('b14f2bc5-20cd-4a9a-868d-7ff33d2f08d7','b5245bee-4ca8-4e11-a3f2-7a0a8f9eb50d','Ignacio','Soto','Apasionado por los sistemas de energía solar fotovoltaica','Estudiante de Electricidad en el Centro Educacional Cardenal José María Caro, cursando 4° año. Me apasiona mi especialidad y busco oportunidades para aplicar mis conocimientos en un ambiente laboral real. Comprometido con el aprendizaje continuo y el trabajo en equipo.','Electricidad',4,'5.1','+56990936887','San Bernardo, RM',NULL,NULL,'https://linkedin.com/in/ignacio-soto',NULL,NULL,82,0,'2026-04-10T00:58:37.834Z','2026-04-10T00:58:37.858Z');
INSERT INTO student_profiles (id,"userId","firstName","lastName",headline,bio,specialty,year,gpa,phone,location,avatar,"coverImage","linkedinUrl","githubUrl","portfolioUrl","readinessScore","profileViews","createdAt","updatedAt") VALUES ('4db4cf86-c9c3-49d7-beca-7878c4a8575d','e6b028a1-4729-4a9b-9c47-3838de6b617e','Javiera','Alvarado','Estudiante de mecánica con experiencia en taller escolar','Estudiante de Mecánica Automotriz en el Centro Educacional Cardenal José María Caro, cursando 4° año. Me apasiona mi especialidad y busco oportunidades para aplicar mis conocimientos en un ambiente laboral real. Comprometido con el aprendizaje continuo y el trabajo en equipo.','Mecánica Automotriz',4,'5.9','+56919015815','Valparaíso',NULL,NULL,'https://linkedin.com/in/javiera-alvarado',NULL,NULL,65,0,'2026-04-10T00:58:37.861Z','2026-04-10T00:58:37.881Z');
INSERT INTO student_profiles (id,"userId","firstName","lastName",headline,bio,specialty,year,gpa,phone,location,avatar,"coverImage","linkedinUrl","githubUrl","portfolioUrl","readinessScore","profileViews","createdAt","updatedAt") VALUES ('b0c006de-73c1-46ad-90bb-18e8f86358a7','e8d7d440-6b4c-47e6-b49a-6249138051bd','Tomás','Espinoza','Apasionado por el marketing digital y análisis de datos','Estudiante de Administración en el Centro Educacional Cardenal José María Caro, cursando 4° año. Me apasiona mi especialidad y busco oportunidades para aplicar mis conocimientos en un ambiente laboral real. Comprometido con el aprendizaje continuo y el trabajo en equipo.','Administración',4,'6.2','+56926356504','Valparaíso',NULL,NULL,'https://linkedin.com/in/tomas-espinoza',NULL,NULL,69,0,'2026-04-10T00:58:37.883Z','2026-04-10T00:58:37.901Z');
INSERT INTO student_profiles (id,"userId","firstName","lastName",headline,bio,specialty,year,gpa,phone,location,avatar,"coverImage","linkedinUrl","githubUrl","portfolioUrl","readinessScore","profileViews","createdAt","updatedAt") VALUES ('66ff06f9-e0e5-4076-bc8b-d591e5fe493b','342a5c1f-dcc4-456b-81fc-404aaa8cba9a','Bárbara','Molina','Cocinero técnico con especialización en cocina chilena e internacional','Estudiante de Gastronomía en el Centro Educacional Cardenal José María Caro, cursando 3° año. Me apasiona mi especialidad y busco oportunidades para aplicar mis conocimientos en un ambiente laboral real. Comprometido con el aprendizaje continuo y el trabajo en equipo.','Gastronomía',3,'6.5','+56980676449','Valparaíso',NULL,NULL,'https://linkedin.com/in/barbara-molina',NULL,NULL,46,0,'2026-04-10T00:58:37.904Z','2026-04-10T00:58:37.924Z');
INSERT INTO student_profiles (id,"userId","firstName","lastName",headline,bio,specialty,year,gpa,phone,location,avatar,"coverImage","linkedinUrl","githubUrl","portfolioUrl","readinessScore","profileViews","createdAt","updatedAt") VALUES ('7cf669c7-5fc5-4288-8158-f116ecc298f1','80a0f5d4-7067-4396-b840-881b9d8a7d4c','Andrés','Torres','Interesado en finanzas corporativas y tributación','Estudiante de Contabilidad en el Centro Educacional Cardenal José María Caro, cursando 2° año. Me apasiona mi especialidad y busco oportunidades para aplicar mis conocimientos en un ambiente laboral real. Comprometido con el aprendizaje continuo y el trabajo en equipo.','Contabilidad',2,'6.9','+56986958499','Rancagua',NULL,NULL,NULL,NULL,NULL,59,0,'2026-04-10T00:58:37.927Z','2026-04-10T00:58:37.941Z');
INSERT INTO student_profiles (id,"userId","firstName","lastName",headline,bio,specialty,year,gpa,phone,location,avatar,"coverImage","linkedinUrl","githubUrl","portfolioUrl","readinessScore","profileViews","createdAt","updatedAt") VALUES ('b763b1fd-84a4-4d39-9531-58d76cf24f3c','5437d395-05a5-42a1-8f2b-732378683b1b','Martina','González','Estudiante de programación con proyectos en Node.js y Python','Estudiante de Programación en el Centro Educacional Cardenal José María Caro, cursando 3° año. Me apasiona mi especialidad y busco oportunidades para aplicar mis conocimientos en un ambiente laboral real. Comprometido con el aprendizaje continuo y el trabajo en equipo.','Programación',3,'5.6','+56983982881','Concepción',NULL,NULL,NULL,'https://github.com/martinagonzalez',NULL,83,0,'2026-04-10T00:58:37.943Z','2026-04-10T00:58:37.965Z');
INSERT INTO student_profiles (id,"userId","firstName","lastName",headline,bio,specialty,year,gpa,phone,location,avatar,"coverImage","linkedinUrl","githubUrl","portfolioUrl","readinessScore","profileViews","createdAt","updatedAt") VALUES ('e028ba4f-f534-4dd0-bfc5-37549315c0e0','591b5401-5648-42e5-9869-f62b7f90d5d9','Roberto','Díaz','Especialista en infraestructura de red y seguridad','Estudiante de Redes y Telecomunicaciones en el Centro Educacional Cardenal José María Caro, cursando 4° año. Me apasiona mi especialidad y busco oportunidades para aplicar mis conocimientos en un ambiente laboral real. Comprometido con el aprendizaje continuo y el trabajo en equipo.','Redes y Telecomunicaciones',4,'6.0','+56922446324','Santiago, RM',NULL,NULL,NULL,NULL,NULL,63,0,'2026-04-10T00:58:37.967Z','2026-04-10T00:58:37.990Z');
INSERT INTO student_profiles (id,"userId","firstName","lastName",headline,bio,specialty,year,gpa,phone,location,avatar,"coverImage","linkedinUrl","githubUrl","portfolioUrl","readinessScore","profileViews","createdAt","updatedAt") VALUES ('42d2bb61-8446-42ae-b8c0-120e98fbba0a','4dbb27de-cbf0-4533-8923-154b8c898ced','Amanda','Reyes','Técnico electricista con experiencia en instalaciones industriales','Estudiante de Electricidad en el Centro Educacional Cardenal José María Caro, cursando 4° año. Me apasiona mi especialidad y busco oportunidades para aplicar mis conocimientos en un ambiente laboral real. Comprometido con el aprendizaje continuo y el trabajo en equipo.','Electricidad',4,'5.3','+56958564913','Valparaíso',NULL,NULL,NULL,NULL,NULL,68,0,'2026-04-10T00:58:37.993Z','2026-04-10T00:58:38.009Z');
INSERT INTO student_profiles (id,"userId","firstName","lastName",headline,bio,specialty,year,gpa,phone,location,avatar,"coverImage","linkedinUrl","githubUrl","portfolioUrl","readinessScore","profileViews","createdAt","updatedAt") VALUES ('b0620242-8137-4ec6-8385-e12241641791','67aec007-3d7f-446c-aae6-f6b24c7b5966','Gustavo','Paredes','Interesado en vehículos eléctricos e híbridos','Estudiante de Mecánica Automotriz en el Centro Educacional Cardenal José María Caro, cursando 4° año. Me apasiona mi especialidad y busco oportunidades para aplicar mis conocimientos en un ambiente laboral real. Comprometido con el aprendizaje continuo y el trabajo en equipo.','Mecánica Automotriz',4,'5.2','+56918774889','Valparaíso',NULL,NULL,NULL,NULL,NULL,69,0,'2026-04-10T00:58:38.012Z','2026-04-10T00:58:38.027Z');
INSERT INTO student_profiles (id,"userId","firstName","lastName",headline,bio,specialty,year,gpa,phone,location,avatar,"coverImage","linkedinUrl","githubUrl","portfolioUrl","readinessScore","profileViews","createdAt","updatedAt") VALUES ('34b277c4-aab6-49cc-aa04-a9a92e4fd4ef','12201040-3ea7-4af9-94c3-bfa3293559fb','Valentina','Meza','Apasionado por el marketing digital y análisis de datos','Estudiante de Administración en el Centro Educacional Cardenal José María Caro, cursando 4° año. Me apasiona mi especialidad y busco oportunidades para aplicar mis conocimientos en un ambiente laboral real. Comprometido con el aprendizaje continuo y el trabajo en equipo.','Administración',4,'6.7','+56956506559','San Bernardo, RM',NULL,NULL,NULL,NULL,NULL,48,0,'2026-04-10T00:58:38.029Z','2026-04-10T00:58:38.043Z');
INSERT INTO student_profiles (id,"userId","firstName","lastName",headline,bio,specialty,year,gpa,phone,location,avatar,"coverImage","linkedinUrl","githubUrl","portfolioUrl","readinessScore","profileViews","createdAt","updatedAt") VALUES ('4dc3c9d1-9907-488f-acbb-c9bb7c6e11be','90a352f2-934b-4332-a7eb-611dc40373df','Eduardo','Campos','Apasionado por la repostería y la cocina de vanguardia','Estudiante de Gastronomía en el Centro Educacional Cardenal José María Caro, cursando 2° año. Me apasiona mi especialidad y busco oportunidades para aplicar mis conocimientos en un ambiente laboral real. Comprometido con el aprendizaje continuo y el trabajo en equipo.','Gastronomía',2,'6.9','+56941921040','Valparaíso',NULL,NULL,NULL,NULL,NULL,58,0,'2026-04-10T00:58:38.046Z','2026-04-10T00:58:38.061Z');
INSERT INTO student_profiles (id,"userId","firstName","lastName",headline,bio,specialty,year,gpa,phone,location,avatar,"coverImage","linkedinUrl","githubUrl","portfolioUrl","readinessScore","profileViews","createdAt","updatedAt") VALUES ('5192b675-29c5-4e74-9da3-b79fe401b062','0baa15a5-ad9d-403f-9804-309bbaae5e5b','Florencia','Lara','Apasionado por el análisis financiero y auditoría','Estudiante de Contabilidad en el Centro Educacional Cardenal José María Caro, cursando 4° año. Me apasiona mi especialidad y busco oportunidades para aplicar mis conocimientos en un ambiente laboral real. Comprometido con el aprendizaje continuo y el trabajo en equipo.','Contabilidad',4,'5.8','+56983888293','Valparaíso',NULL,NULL,NULL,NULL,NULL,70,0,'2026-04-10T00:58:38.064Z','2026-04-10T00:58:38.085Z');
INSERT INTO student_profiles (id,"userId","firstName","lastName",headline,bio,specialty,year,gpa,phone,location,avatar,"coverImage","linkedinUrl","githubUrl","portfolioUrl","readinessScore","profileViews","createdAt","updatedAt") VALUES ('12334bd1-4706-43e5-92ca-0354d5880d7e','b2c78d36-7d8d-4078-b851-9f1502f484ff','Maximiliano','Vera','Estudiante de programación con proyectos en Node.js y Python','Estudiante de Programación en el Centro Educacional Cardenal José María Caro, cursando 1° año. Me apasiona mi especialidad y busco oportunidades para aplicar mis conocimientos en un ambiente laboral real. Comprometido con el aprendizaje continuo y el trabajo en equipo.','Programación',1,'5.3','+56971840076','San Bernardo, RM',NULL,NULL,NULL,'https://github.com/maximilianovera',NULL,85,0,'2026-04-10T00:58:38.087Z','2026-04-10T00:58:38.110Z');
INSERT INTO student_profiles (id,"userId","firstName","lastName",headline,bio,specialty,year,gpa,phone,location,avatar,"coverImage","linkedinUrl","githubUrl","portfolioUrl","readinessScore","profileViews","createdAt","updatedAt") VALUES ('d4a5f308-ad45-4750-80dc-8e9fee7af8ad','601bd0aa-3da0-4f7c-94be-e44ca449a77f','Constanza','Ibáñez','Especialista en infraestructura de red y seguridad','Estudiante de Redes y Telecomunicaciones en el Centro Educacional Cardenal José María Caro, cursando 4° año. Me apasiona mi especialidad y busco oportunidades para aplicar mis conocimientos en un ambiente laboral real. Comprometido con el aprendizaje continuo y el trabajo en equipo.','Redes y Telecomunicaciones',4,'5.7','+56939218018','Rancagua',NULL,NULL,NULL,NULL,NULL,85,0,'2026-04-10T00:58:38.113Z','2026-04-10T00:58:38.128Z');
INSERT INTO student_profiles (id,"userId","firstName","lastName",headline,bio,specialty,year,gpa,phone,location,avatar,"coverImage","linkedinUrl","githubUrl","portfolioUrl","readinessScore","profileViews","createdAt","updatedAt") VALUES ('6999449e-2625-4658-9230-f94374e6cef5','7484fcc1-4357-4a8d-b6c7-f953b4c64641','Pablo','Acevedo','Estudiante de electricidad con proyectos de automatización domótica','Estudiante de Electricidad en el Centro Educacional Cardenal José María Caro, cursando 2° año. Me apasiona mi especialidad y busco oportunidades para aplicar mis conocimientos en un ambiente laboral real. Comprometido con el aprendizaje continuo y el trabajo en equipo.','Electricidad',2,'6.9','+56922104972','Rancagua',NULL,NULL,NULL,NULL,NULL,60,0,'2026-04-10T00:58:38.130Z','2026-04-10T00:58:38.148Z');
INSERT INTO student_profiles (id,"userId","firstName","lastName",headline,bio,specialty,year,gpa,phone,location,avatar,"coverImage","linkedinUrl","githubUrl","portfolioUrl","readinessScore","profileViews","createdAt","updatedAt") VALUES ('8802f763-9b36-4578-b5d4-e3a3ca40db60','b15f0ba2-b15a-4237-82ef-a66a3c40b24f','Rocío','Bustos','Estudiante de mecánica con experiencia en taller escolar','Estudiante de Mecánica Automotriz en el Centro Educacional Cardenal José María Caro, cursando 1° año. Me apasiona mi especialidad y busco oportunidades para aplicar mis conocimientos en un ambiente laboral real. Comprometido con el aprendizaje continuo y el trabajo en equipo.','Mecánica Automotriz',1,'6.2','+56945860075','Rancagua',NULL,NULL,NULL,NULL,NULL,60,0,'2026-04-10T00:58:38.150Z','2026-04-10T00:58:38.169Z');
INSERT INTO student_profiles (id,"userId","firstName","lastName",headline,bio,specialty,year,gpa,phone,location,avatar,"coverImage","linkedinUrl","githubUrl","portfolioUrl","readinessScore","profileViews","createdAt","updatedAt") VALUES ('5ddc23c0-361a-4dcc-8b71-c9081cdf641d','1e0eb9a8-7cc7-47df-8887-7cb9a79af886','Alejandro','Figueroa','Apasionado por el marketing digital y análisis de datos','Estudiante de Administración en el Centro Educacional Cardenal José María Caro, cursando 1° año. Me apasiona mi especialidad y busco oportunidades para aplicar mis conocimientos en un ambiente laboral real. Comprometido con el aprendizaje continuo y el trabajo en equipo.','Administración',1,'4.8','+56920419816','Rancagua',NULL,NULL,NULL,NULL,NULL,95,0,'2026-04-10T00:58:38.171Z','2026-04-10T00:58:38.195Z');
INSERT INTO student_profiles (id,"userId","firstName","lastName",headline,bio,specialty,year,gpa,phone,location,avatar,"coverImage","linkedinUrl","githubUrl","portfolioUrl","readinessScore","profileViews","createdAt","updatedAt") VALUES ('2271ded2-4b2c-4390-8e2f-212323dee596','4c5222f6-f671-42b4-9c00-7ac2e948738a','Gabriela','Cortés','Apasionado por la repostería y la cocina de vanguardia','Estudiante de Gastronomía en el Centro Educacional Cardenal José María Caro, cursando 1° año. Me apasiona mi especialidad y busco oportunidades para aplicar mis conocimientos en un ambiente laboral real. Comprometido con el aprendizaje continuo y el trabajo en equipo.','Gastronomía',1,'6.6','+56979551651','Concepción',NULL,NULL,NULL,NULL,NULL,62,0,'2026-04-10T00:58:38.198Z','2026-04-10T00:58:38.223Z');
INSERT INTO student_profiles (id,"userId","firstName","lastName",headline,bio,specialty,year,gpa,phone,location,avatar,"coverImage","linkedinUrl","githubUrl","portfolioUrl","readinessScore","profileViews","createdAt","updatedAt") VALUES ('ff02214b-0ca5-4d3d-be5e-5f01489e0c28','52976a06-e85e-4cfb-b30b-d8c1c81e5955','Rodrigo','Peña','Estudiante de contabilidad con manejo de software ERP','Estudiante de Contabilidad en el Centro Educacional Cardenal José María Caro, cursando 4° año. Me apasiona mi especialidad y busco oportunidades para aplicar mis conocimientos en un ambiente laboral real. Comprometido con el aprendizaje continuo y el trabajo en equipo.','Contabilidad',4,'4.7','+56955416433','Rancagua',NULL,NULL,NULL,NULL,NULL,64,0,'2026-04-10T00:58:38.227Z','2026-04-10T00:58:38.243Z');
INSERT INTO student_profiles (id,"userId","firstName","lastName",headline,bio,specialty,year,gpa,phone,location,avatar,"coverImage","linkedinUrl","githubUrl","portfolioUrl","readinessScore","profileViews","createdAt","updatedAt") VALUES ('d33639cc-51cd-465e-adf4-855e97448538','a0b652f9-3caf-46c7-bfd1-de1bda94770e','Patricia','Saavedra',NULL,NULL,'Programación',2,NULL,NULL,NULL,NULL,NULL,NULL,NULL,NULL,0,0,'2026-04-10T00:58:38.246Z','2026-04-10T00:58:38.246Z');
INSERT INTO student_profiles (id,"userId","firstName","lastName",headline,bio,specialty,year,gpa,phone,location,avatar,"coverImage","linkedinUrl","githubUrl","portfolioUrl","readinessScore","profileViews","createdAt","updatedAt") VALUES ('a0edcce6-aa5f-473e-9993-8598ec559a4b','cc07e8ac-d20f-4973-9d2d-bf8474edf482','Javier','Medina',NULL,NULL,'Redes y Telecomunicaciones',2,NULL,NULL,NULL,NULL,NULL,NULL,NULL,NULL,10,0,'2026-04-10T00:58:38.258Z','2026-04-10T00:58:38.269Z');
INSERT INTO student_profiles (id,"userId","firstName","lastName",headline,bio,specialty,year,gpa,phone,location,avatar,"coverImage","linkedinUrl","githubUrl","portfolioUrl","readinessScore","profileViews","createdAt","updatedAt") VALUES ('e2cb2a88-19f2-44d3-9d21-8eb68e8e7d12','77309a7c-6b22-4c73-a1fe-1f536e22b912','Andrea','Valenzuela',NULL,NULL,'Electricidad',2,NULL,NULL,NULL,NULL,NULL,NULL,NULL,NULL,0,0,'2026-04-10T00:58:38.273Z','2026-04-10T00:58:38.273Z');
INSERT INTO student_profiles (id,"userId","firstName","lastName",headline,bio,specialty,year,gpa,phone,location,avatar,"coverImage","linkedinUrl","githubUrl","portfolioUrl","readinessScore","profileViews","createdAt","updatedAt") VALUES ('ef4f6464-36d6-4891-a278-436be8b990ea','cd1d3c89-2fc2-4102-9d3a-c835831dcfba','Carlos','Ávila',NULL,NULL,'Mecánica Automotriz',1,NULL,NULL,NULL,NULL,NULL,NULL,NULL,NULL,0,0,'2026-04-10T00:58:38.285Z','2026-04-10T00:58:38.285Z');
INSERT INTO student_profiles (id,"userId","firstName","lastName",headline,bio,specialty,year,gpa,phone,location,avatar,"coverImage","linkedinUrl","githubUrl","portfolioUrl","readinessScore","profileViews","createdAt","updatedAt") VALUES ('08dfd987-31e0-425f-9eac-6c83414adc64','d4ddd724-941c-4d5d-8767-bffbb70997b9','Ximena','Carrasco',NULL,NULL,'Administración',4,NULL,NULL,NULL,NULL,NULL,NULL,NULL,NULL,10,0,'2026-04-10T00:58:38.292Z','2026-04-10T00:58:38.300Z');
INSERT INTO student_profiles (id,"userId","firstName","lastName",headline,bio,specialty,year,gpa,phone,location,avatar,"coverImage","linkedinUrl","githubUrl","portfolioUrl","readinessScore","profileViews","createdAt","updatedAt") VALUES ('362e1070-c3f6-4263-b58d-c697cccf7164','a0aebfab-e5e6-42ca-a909-0a24d4866c87','Héctor','Riquelme',NULL,NULL,'Gastronomía',3,NULL,NULL,NULL,NULL,NULL,NULL,NULL,NULL,10,0,'2026-04-10T00:58:38.302Z','2026-04-10T00:58:38.310Z');
INSERT INTO student_profiles (id,"userId","firstName","lastName",headline,bio,specialty,year,gpa,phone,location,avatar,"coverImage","linkedinUrl","githubUrl","portfolioUrl","readinessScore","profileViews","createdAt","updatedAt") VALUES ('4c0342cd-7c98-4439-94ef-7dbdfc1c5978','70d35e30-dacc-4860-954b-b69f41e2d41c','Macarena','Poblete',NULL,NULL,'Contabilidad',2,NULL,NULL,NULL,NULL,NULL,NULL,NULL,NULL,10,0,'2026-04-10T00:58:38.312Z','2026-04-10T00:58:38.321Z');
INSERT INTO student_profiles (id,"userId","firstName","lastName",headline,bio,specialty,year,gpa,phone,location,avatar,"coverImage","linkedinUrl","githubUrl","portfolioUrl","readinessScore","profileViews","createdAt","updatedAt") VALUES ('9881cd5b-9813-41b8-b14d-ed7346ef0f2e','79188018-1d67-470e-8eb5-4cd40cfe86ef','Leonardo','Tapia',NULL,NULL,'Programación',1,NULL,NULL,NULL,NULL,NULL,NULL,NULL,NULL,0,0,'2026-04-10T00:58:38.323Z','2026-04-10T00:58:38.323Z');
INSERT INTO student_profiles (id,"userId","firstName","lastName",headline,bio,specialty,year,gpa,phone,location,avatar,"coverImage","linkedinUrl","githubUrl","portfolioUrl","readinessScore","profileViews","createdAt","updatedAt") VALUES ('79b6fc2b-25ab-4009-b0e3-92dfef970dbc','091b538f-e094-4ce8-befb-0425cedc905b','Natalia','Jara',NULL,NULL,'Redes y Telecomunicaciones',4,NULL,NULL,NULL,NULL,NULL,NULL,NULL,NULL,0,0,'2026-04-10T00:58:38.330Z','2026-04-10T00:58:38.330Z');
INSERT INTO student_profiles (id,"userId","firstName","lastName",headline,bio,specialty,year,gpa,phone,location,avatar,"coverImage","linkedinUrl","githubUrl","portfolioUrl","readinessScore","profileViews","createdAt","updatedAt") VALUES ('6aff465c-b26f-4243-b3e5-dea836bd470e','7c0ae526-aebb-474f-b075-0de20d4f6bb8','Sergio','Aguilera',NULL,NULL,'Electricidad',1,NULL,NULL,NULL,NULL,NULL,NULL,NULL,NULL,0,0,'2026-04-10T00:58:38.343Z','2026-04-10T00:58:38.343Z');
INSERT INTO student_profiles (id,"userId","firstName","lastName",headline,bio,specialty,year,gpa,phone,location,avatar,"coverImage","linkedinUrl","githubUrl","portfolioUrl","readinessScore","profileViews","createdAt","updatedAt") VALUES ('b52ce764-9932-4657-bf33-7d65fe473e65','a3ed491b-7e23-4f93-84e2-d78f295eb493','Claudia','Caro',NULL,NULL,'Mecánica Automotriz',4,NULL,NULL,NULL,NULL,NULL,NULL,NULL,NULL,10,0,'2026-04-10T00:58:38.354Z','2026-04-10T00:58:38.366Z');
INSERT INTO student_profiles (id,"userId","firstName","lastName",headline,bio,specialty,year,gpa,phone,location,avatar,"coverImage","linkedinUrl","githubUrl","portfolioUrl","readinessScore","profileViews","createdAt","updatedAt") VALUES ('019983b8-3073-4d0b-9e47-fa5e18c508e5','51673e8d-3009-481b-8737-08b39c3e0641','Mauricio','Pino',NULL,NULL,'Administración',1,NULL,NULL,NULL,NULL,NULL,NULL,NULL,NULL,0,0,'2026-04-10T00:58:38.369Z','2026-04-10T00:58:38.369Z');
INSERT INTO student_profiles (id,"userId","firstName","lastName",headline,bio,specialty,year,gpa,phone,location,avatar,"coverImage","linkedinUrl","githubUrl","portfolioUrl","readinessScore","profileViews","createdAt","updatedAt") VALUES ('16642f2e-6d80-4a6a-beb0-5323c61afc3b','fbbe846e-3e6a-4375-bcb3-d2c7e8c5c8c7','Paulina','Leiva',NULL,NULL,'Gastronomía',2,NULL,NULL,NULL,NULL,NULL,NULL,NULL,NULL,0,0,'2026-04-10T00:58:38.378Z','2026-04-10T00:58:38.378Z');
INSERT INTO student_profiles (id,"userId","firstName","lastName",headline,bio,specialty,year,gpa,phone,location,avatar,"coverImage","linkedinUrl","githubUrl","portfolioUrl","readinessScore","profileViews","createdAt","updatedAt") VALUES ('fc97b471-919d-48cc-8654-d39167baaea4','bf11b885-ed53-4435-bb33-dc8004532377','Ricardo','Garrido',NULL,NULL,'Contabilidad',1,NULL,NULL,NULL,NULL,NULL,NULL,NULL,NULL,0,0,'2026-04-10T00:58:38.386Z','2026-04-10T00:58:38.386Z');
INSERT INTO student_profiles (id,"userId","firstName","lastName",headline,bio,specialty,year,gpa,phone,location,avatar,"coverImage","linkedinUrl","githubUrl","portfolioUrl","readinessScore","profileViews","createdAt","updatedAt") VALUES ('2568b091-1a99-4511-9106-edfeca2fa200','dd4c76a1-68b0-4c2d-aa9f-937c91392957','Victoria','Santibáñez',NULL,NULL,'Programación',3,NULL,NULL,NULL,NULL,NULL,NULL,NULL,NULL,0,0,'2026-04-10T00:58:38.396Z','2026-04-10T00:58:38.396Z');

-- SKILLS (292)
INSERT INTO skills (id,"studentId",name,category,level,"isValidated","validationStatus","validatedBy","validatedAt","validationNotes",endorsements,"createdAt","updatedAt") VALUES ('2edfeda3-074a-4818-a1bb-2641d15e9b81','6a86e330-41c3-4ce2-a414-70142d685da9','HTML/CSS','TECNICA',5,TRUE,'VALIDADA','a467d55b-ee5d-4943-bb21-005f005960d4','2026-04-10T00:58:37.460Z',NULL,7,'2026-04-10T00:58:37.463Z','2026-04-10T00:58:37.463Z');
INSERT INTO skills (id,"studentId",name,category,level,"isValidated","validationStatus","validatedBy","validatedAt","validationNotes",endorsements,"createdAt","updatedAt") VALUES ('6bc73edd-03e1-4e07-8f0d-af9a47e517b6','6a86e330-41c3-4ce2-a414-70142d685da9','Comunicación efectiva','BLANDA',4,FALSE,'RECHAZADA',NULL,NULL,NULL,3,'2026-04-10T00:58:37.469Z','2026-04-10T00:58:37.469Z');
INSERT INTO skills (id,"studentId",name,category,level,"isValidated","validationStatus","validatedBy","validatedAt","validationNotes",endorsements,"createdAt","updatedAt") VALUES ('966da6eb-4206-4616-ac06-13fe45789f80','6a86e330-41c3-4ce2-a414-70142d685da9','Git','TECNICA',2,FALSE,'RECHAZADA',NULL,NULL,NULL,1,'2026-04-10T00:58:37.471Z','2026-04-10T00:58:37.471Z');
INSERT INTO skills (id,"studentId",name,category,level,"isValidated","validationStatus","validatedBy","validatedAt","validationNotes",endorsements,"createdAt","updatedAt") VALUES ('0f3125fd-b754-44c5-ba12-4dd085ec75ab','6a86e330-41c3-4ce2-a414-70142d685da9','JavaScript','TECNICA',2,TRUE,'VALIDADA','a467d55b-ee5d-4943-bb21-005f005960d4','2026-04-10T00:58:37.471Z',NULL,0,'2026-04-10T00:58:37.474Z','2026-04-10T00:58:37.474Z');
INSERT INTO skills (id,"studentId",name,category,level,"isValidated","validationStatus","validatedBy","validatedAt","validationNotes",endorsements,"createdAt","updatedAt") VALUES ('6f1a391e-815e-41ea-8228-427cd6565bd1','6a86e330-41c3-4ce2-a414-70142d685da9','Python','TECNICA',2,TRUE,'VALIDADA','a467d55b-ee5d-4943-bb21-005f005960d4','2026-04-10T00:58:37.474Z',NULL,2,'2026-04-10T00:58:37.477Z','2026-04-10T00:58:37.477Z');
INSERT INTO skills (id,"studentId",name,category,level,"isValidated","validationStatus","validatedBy","validatedAt","validationNotes",endorsements,"createdAt","updatedAt") VALUES ('2d121534-b420-4e3b-a547-c49b96ffb52b','6a86e330-41c3-4ce2-a414-70142d685da9','Trabajo en equipo','BLANDA',4,TRUE,'VALIDADA','a467d55b-ee5d-4943-bb21-005f005960d4','2026-04-10T00:58:37.477Z',NULL,3,'2026-04-10T00:58:37.480Z','2026-04-10T00:58:37.480Z');
INSERT INTO skills (id,"studentId",name,category,level,"isValidated","validationStatus","validatedBy","validatedAt","validationNotes",endorsements,"createdAt","updatedAt") VALUES ('1d54e73a-953f-4aba-8107-56489a8022e5','6a86e330-41c3-4ce2-a414-70142d685da9','React','TECNICA',2,FALSE,'RECHAZADA',NULL,NULL,NULL,5,'2026-04-10T00:58:37.483Z','2026-04-10T00:58:37.483Z');
INSERT INTO skills (id,"studentId",name,category,level,"isValidated","validationStatus","validatedBy","validatedAt","validationNotes",endorsements,"createdAt","updatedAt") VALUES ('32a7e41b-920a-4482-ae45-ab89c977a48e','6a86e330-41c3-4ce2-a414-70142d685da9','Node.js','TECNICA',2,TRUE,'VALIDADA','a467d55b-ee5d-4943-bb21-005f005960d4','2026-04-10T00:58:37.482Z',NULL,8,'2026-04-10T00:58:37.485Z','2026-04-10T00:58:37.485Z');
INSERT INTO skills (id,"studentId",name,category,level,"isValidated","validationStatus","validatedBy","validatedAt","validationNotes",endorsements,"createdAt","updatedAt") VALUES ('5493b7d7-f7d7-4be4-a491-5d54e2f18c75','6a86e330-41c3-4ce2-a414-70142d685da9','REST APIs','TECNICA',4,FALSE,'PENDIENTE',NULL,NULL,NULL,7,'2026-04-10T00:58:37.488Z','2026-04-10T00:58:37.488Z');
INSERT INTO skills (id,"studentId",name,category,level,"isValidated","validationStatus","validatedBy","validatedAt","validationNotes",endorsements,"createdAt","updatedAt") VALUES ('e79b71b9-5bf5-4cde-8da4-2095432cb713','2a3191b3-3e7d-4f3e-ac69-d7537b184ea5','VLANs','TECNICA',3,TRUE,'VALIDADA','a467d55b-ee5d-4943-bb21-005f005960d4','2026-04-10T00:58:37.507Z',NULL,1,'2026-04-10T00:58:37.510Z','2026-04-10T00:58:37.510Z');
INSERT INTO skills (id,"studentId",name,category,level,"isValidated","validationStatus","validatedBy","validatedAt","validationNotes",endorsements,"createdAt","updatedAt") VALUES ('d660b6d6-f4a7-4e8e-8e02-e84e083537ac','2a3191b3-3e7d-4f3e-ac69-d7537b184ea5','TCP/IP','TECNICA',4,FALSE,'PENDIENTE',NULL,NULL,NULL,7,'2026-04-10T00:58:37.512Z','2026-04-10T00:58:37.512Z');
INSERT INTO skills (id,"studentId",name,category,level,"isValidated","validationStatus","validatedBy","validatedAt","validationNotes",endorsements,"createdAt","updatedAt") VALUES ('4c7ac9f7-5c13-4fcb-b4a7-50e1a2d7fe9a','2a3191b3-3e7d-4f3e-ac69-d7537b184ea5','Cableado estructurado','TECNICA',2,TRUE,'VALIDADA','a467d55b-ee5d-4943-bb21-005f005960d4','2026-04-10T00:58:37.511Z',NULL,5,'2026-04-10T00:58:37.514Z','2026-04-10T00:58:37.514Z');
INSERT INTO skills (id,"studentId",name,category,level,"isValidated","validationStatus","validatedBy","validatedAt","validationNotes",endorsements,"createdAt","updatedAt") VALUES ('f09be3f4-77af-4978-9260-120e74d1ebbc','2a3191b3-3e7d-4f3e-ac69-d7537b184ea5','Wi-Fi / 802.11','TECNICA',2,TRUE,'VALIDADA','a467d55b-ee5d-4943-bb21-005f005960d4','2026-04-10T00:58:37.512Z',NULL,3,'2026-04-10T00:58:37.516Z','2026-04-10T00:58:37.516Z');
INSERT INTO skills (id,"studentId",name,category,level,"isValidated","validationStatus","validatedBy","validatedAt","validationNotes",endorsements,"createdAt","updatedAt") VALUES ('bf7e0ebf-0403-4d97-833a-a05a7a33e9e9','2a3191b3-3e7d-4f3e-ac69-d7537b184ea5','Trabajo bajo presión','BLANDA',4,FALSE,'RECHAZADA',NULL,NULL,NULL,6,'2026-04-10T00:58:37.518Z','2026-04-10T00:58:37.518Z');
INSERT INTO skills (id,"studentId",name,category,level,"isValidated","validationStatus","validatedBy","validatedAt","validationNotes",endorsements,"createdAt","updatedAt") VALUES ('ab0f67dc-7eee-44ca-aab2-01cfb522ae6a','a9faa1af-3daa-4152-8da3-d0e9bf4fadcd','Normativa SEC','TECNICA',2,FALSE,'RECHAZADA',NULL,NULL,NULL,2,'2026-04-10T00:58:37.528Z','2026-04-10T00:58:37.528Z');
INSERT INTO skills (id,"studentId",name,category,level,"isValidated","validationStatus","validatedBy","validatedAt","validationNotes",endorsements,"createdAt","updatedAt") VALUES ('07df3947-4b03-4e44-bddb-fbcd9f8e0d84','a9faa1af-3daa-4152-8da3-d0e9bf4fadcd','Instalaciones eléctricas','TECNICA',5,TRUE,'VALIDADA','a467d55b-ee5d-4943-bb21-005f005960d4','2026-04-10T00:58:37.527Z',NULL,8,'2026-04-10T00:58:37.530Z','2026-04-10T00:58:37.530Z');
INSERT INTO skills (id,"studentId",name,category,level,"isValidated","validationStatus","validatedBy","validatedAt","validationNotes",endorsements,"createdAt","updatedAt") VALUES ('f908e91b-d899-4ef6-99d5-83be037907e6','a9faa1af-3daa-4152-8da3-d0e9bf4fadcd','Automatización PLC','TECNICA',5,TRUE,'VALIDADA','a467d55b-ee5d-4943-bb21-005f005960d4','2026-04-10T00:58:37.529Z',NULL,5,'2026-04-10T00:58:37.532Z','2026-04-10T00:58:37.532Z');
INSERT INTO skills (id,"studentId",name,category,level,"isValidated","validationStatus","validatedBy","validatedAt","validationNotes",endorsements,"createdAt","updatedAt") VALUES ('a4d8bc95-9f86-4368-a7e5-29b2a97cdad6','a9faa1af-3daa-4152-8da3-d0e9bf4fadcd','Lectura de planos','TECNICA',2,TRUE,'VALIDADA','a467d55b-ee5d-4943-bb21-005f005960d4','2026-04-10T00:58:37.531Z',NULL,1,'2026-04-10T00:58:37.534Z','2026-04-10T00:58:37.534Z');
INSERT INTO skills (id,"studentId",name,category,level,"isValidated","validationStatus","validatedBy","validatedAt","validationNotes",endorsements,"createdAt","updatedAt") VALUES ('cbe6498d-5861-4477-bae7-6625513f0b13','a9faa1af-3daa-4152-8da3-d0e9bf4fadcd','Tableros eléctricos','TECNICA',5,TRUE,'VALIDADA','a467d55b-ee5d-4943-bb21-005f005960d4','2026-04-10T00:58:37.532Z',NULL,0,'2026-04-10T00:58:37.536Z','2026-04-10T00:58:37.536Z');
INSERT INTO skills (id,"studentId",name,category,level,"isValidated","validationStatus","validatedBy","validatedAt","validationNotes",endorsements,"createdAt","updatedAt") VALUES ('714dd640-8bc3-455d-a2b2-8ae67eba5dc3','a9faa1af-3daa-4152-8da3-d0e9bf4fadcd','Energía solar FV','TECNICA',4,FALSE,'PENDIENTE',NULL,NULL,NULL,7,'2026-04-10T00:58:37.538Z','2026-04-10T00:58:37.538Z');
INSERT INTO skills (id,"studentId",name,category,level,"isValidated","validationStatus","validatedBy","validatedAt","validationNotes",endorsements,"createdAt","updatedAt") VALUES ('57cb7155-70bf-494a-ae17-0329dd2686aa','a9faa1af-3daa-4152-8da3-d0e9bf4fadcd','Licencia SEC Clase B','CERTIFICACION',4,TRUE,'VALIDADA','a467d55b-ee5d-4943-bb21-005f005960d4','2026-04-10T00:58:37.536Z',NULL,3,'2026-04-10T00:58:37.539Z','2026-04-10T00:58:37.539Z');
INSERT INTO skills (id,"studentId",name,category,level,"isValidated","validationStatus","validatedBy","validatedAt","validationNotes",endorsements,"createdAt","updatedAt") VALUES ('5de17af7-2eb5-4dbb-ae0b-9a603c18372a','a9faa1af-3daa-4152-8da3-d0e9bf4fadcd','Trabajo en equipo','BLANDA',3,TRUE,'VALIDADA','a467d55b-ee5d-4943-bb21-005f005960d4','2026-04-10T00:58:37.538Z',NULL,8,'2026-04-10T00:58:37.541Z','2026-04-10T00:58:37.541Z');
INSERT INTO skills (id,"studentId",name,category,level,"isValidated","validationStatus","validatedBy","validatedAt","validationNotes",endorsements,"createdAt","updatedAt") VALUES ('b675fef2-e42f-4491-88e7-07d12371b10a','3ae67e46-56b1-443c-8fbc-3bb7bb8b1c4a','Soldadura MIG','TECNICA',5,TRUE,'VALIDADA','a467d55b-ee5d-4943-bb21-005f005960d4','2026-04-10T00:58:37.551Z',NULL,2,'2026-04-10T00:58:37.555Z','2026-04-10T00:58:37.555Z');
INSERT INTO skills (id,"studentId",name,category,level,"isValidated","validationStatus","validatedBy","validatedAt","validationNotes",endorsements,"createdAt","updatedAt") VALUES ('28bd105a-bea2-4349-8881-00b84c5581bf','3ae67e46-56b1-443c-8fbc-3bb7bb8b1c4a','Vehículos híbridos','TECNICA',2,TRUE,'VALIDADA','a467d55b-ee5d-4943-bb21-005f005960d4','2026-04-10T00:58:37.553Z',NULL,2,'2026-04-10T00:58:37.557Z','2026-04-10T00:58:37.557Z');
INSERT INTO skills (id,"studentId",name,category,level,"isValidated","validationStatus","validatedBy","validatedAt","validationNotes",endorsements,"createdAt","updatedAt") VALUES ('1c5f6c14-7914-467a-9f92-96ff03bf7f5f','3ae67e46-56b1-443c-8fbc-3bb7bb8b1c4a','Atención al cliente','BLANDA',4,TRUE,'VALIDADA','a467d55b-ee5d-4943-bb21-005f005960d4','2026-04-10T00:58:37.556Z',NULL,1,'2026-04-10T00:58:37.559Z','2026-04-10T00:58:37.559Z');
INSERT INTO skills (id,"studentId",name,category,level,"isValidated","validationStatus","validatedBy","validatedAt","validationNotes",endorsements,"createdAt","updatedAt") VALUES ('72d39cce-fad1-4794-bd61-3ae7d4f06f6c','3ae67e46-56b1-443c-8fbc-3bb7bb8b1c4a','Sistemas de frenos','TECNICA',4,FALSE,'PENDIENTE',NULL,NULL,NULL,6,'2026-04-10T00:58:37.561Z','2026-04-10T00:58:37.561Z');
INSERT INTO skills (id,"studentId",name,category,level,"isValidated","validationStatus","validatedBy","validatedAt","validationNotes",endorsements,"createdAt","updatedAt") VALUES ('0b6cddbd-fff3-4f14-a6bd-b811911c86ec','3ae67e46-56b1-443c-8fbc-3bb7bb8b1c4a','Motor a explosión','TECNICA',4,TRUE,'VALIDADA','a467d55b-ee5d-4943-bb21-005f005960d4','2026-04-10T00:58:37.560Z',NULL,7,'2026-04-10T00:58:37.563Z','2026-04-10T00:58:37.563Z');
INSERT INTO skills (id,"studentId",name,category,level,"isValidated","validationStatus","validatedBy","validatedAt","validationNotes",endorsements,"createdAt","updatedAt") VALUES ('498e29ee-abf5-4cf5-bf51-dce50604cbdb','3ae67e46-56b1-443c-8fbc-3bb7bb8b1c4a','Transmisión automática','TECNICA',3,TRUE,'VALIDADA','a467d55b-ee5d-4943-bb21-005f005960d4','2026-04-10T00:58:37.561Z',NULL,6,'2026-04-10T00:58:37.565Z','2026-04-10T00:58:37.565Z');
INSERT INTO skills (id,"studentId",name,category,level,"isValidated","validationStatus","validatedBy","validatedAt","validationNotes",endorsements,"createdAt","updatedAt") VALUES ('214e871c-5092-48c9-a41d-19f9f89a18c9','3ae67e46-56b1-443c-8fbc-3bb7bb8b1c4a','Diagnóstico OBD2','TECNICA',3,TRUE,'VALIDADA','a467d55b-ee5d-4943-bb21-005f005960d4','2026-04-10T00:58:37.563Z',NULL,2,'2026-04-10T00:58:37.566Z','2026-04-10T00:58:37.566Z');
INSERT INTO skills (id,"studentId",name,category,level,"isValidated","validationStatus","validatedBy","validatedAt","validationNotes",endorsements,"createdAt","updatedAt") VALUES ('3db12cb2-e15b-463f-94a0-146b0fc6de9a','6c6009ba-6aaa-4d19-baf1-ed6c6032cc93','Marketing digital','TECNICA',2,TRUE,'VALIDADA','a467d55b-ee5d-4943-bb21-005f005960d4','2026-04-10T00:58:37.575Z',NULL,7,'2026-04-10T00:58:37.578Z','2026-04-10T00:58:37.578Z');
INSERT INTO skills (id,"studentId",name,category,level,"isValidated","validationStatus","validatedBy","validatedAt","validationNotes",endorsements,"createdAt","updatedAt") VALUES ('6d10190c-a9f2-441e-88c9-6f82ea8f27d1','6c6009ba-6aaa-4d19-baf1-ed6c6032cc93','Recursos Humanos','TECNICA',4,TRUE,'VALIDADA','a467d55b-ee5d-4943-bb21-005f005960d4','2026-04-10T00:58:37.577Z',NULL,5,'2026-04-10T00:58:37.580Z','2026-04-10T00:58:37.580Z');
INSERT INTO skills (id,"studentId",name,category,level,"isValidated","validationStatus","validatedBy","validatedAt","validationNotes",endorsements,"createdAt","updatedAt") VALUES ('623ee8c2-e738-4c0e-984f-8d21664fe48d','6c6009ba-6aaa-4d19-baf1-ed6c6032cc93','Comunicación efectiva','BLANDA',4,FALSE,'RECHAZADA',NULL,NULL,NULL,0,'2026-04-10T00:58:37.582Z','2026-04-10T00:58:37.582Z');
INSERT INTO skills (id,"studentId",name,category,level,"isValidated","validationStatus","validatedBy","validatedAt","validationNotes",endorsements,"createdAt","updatedAt") VALUES ('f8e767a6-ab80-4782-a738-530a0334c9a6','6c6009ba-6aaa-4d19-baf1-ed6c6032cc93','Gestión de inventario','TECNICA',4,TRUE,'VALIDADA','a467d55b-ee5d-4943-bb21-005f005960d4','2026-04-10T00:58:37.580Z',NULL,4,'2026-04-10T00:58:37.583Z','2026-04-10T00:58:37.583Z');
INSERT INTO skills (id,"studentId",name,category,level,"isValidated","validationStatus","validatedBy","validatedAt","validationNotes",endorsements,"createdAt","updatedAt") VALUES ('f04786e1-b347-4c1b-8001-06bc4971046b','6c6009ba-6aaa-4d19-baf1-ed6c6032cc93','Gestión del tiempo','BLANDA',2,TRUE,'VALIDADA','a467d55b-ee5d-4943-bb21-005f005960d4','2026-04-10T00:58:37.582Z',NULL,1,'2026-04-10T00:58:37.585Z','2026-04-10T00:58:37.585Z');
INSERT INTO skills (id,"studentId",name,category,level,"isValidated","validationStatus","validatedBy","validatedAt","validationNotes",endorsements,"createdAt","updatedAt") VALUES ('3a8ce1c8-be4c-4727-81a6-256b27f1e3c9','6c6009ba-6aaa-4d19-baf1-ed6c6032cc93','Liderazgo','BLANDA',3,TRUE,'VALIDADA','a467d55b-ee5d-4943-bb21-005f005960d4','2026-04-10T00:58:37.585Z',NULL,0,'2026-04-10T00:58:37.588Z','2026-04-10T00:58:37.588Z');
INSERT INTO skills (id,"studentId",name,category,level,"isValidated","validationStatus","validatedBy","validatedAt","validationNotes",endorsements,"createdAt","updatedAt") VALUES ('479258ea-597b-44b8-bbe4-f934ea2d9838','6c6009ba-6aaa-4d19-baf1-ed6c6032cc93','SAP básico','TECNICA',5,FALSE,'RECHAZADA',NULL,NULL,NULL,6,'2026-04-10T00:58:37.590Z','2026-04-10T00:58:37.590Z');
INSERT INTO skills (id,"studentId",name,category,level,"isValidated","validationStatus","validatedBy","validatedAt","validationNotes",endorsements,"createdAt","updatedAt") VALUES ('ea6384b4-5fe5-4bd8-b2f5-8fcb37d67149','8fe8c249-fca5-4b90-90d6-a8abea1d2fb9','Trabajo bajo presión','BLANDA',4,TRUE,'VALIDADA','a467d55b-ee5d-4943-bb21-005f005960d4','2026-04-10T00:58:37.596Z',NULL,0,'2026-04-10T00:58:37.599Z','2026-04-10T00:58:37.599Z');
INSERT INTO skills (id,"studentId",name,category,level,"isValidated","validationStatus","validatedBy","validatedAt","validationNotes",endorsements,"createdAt","updatedAt") VALUES ('09c7e31c-1174-4544-a88c-e1903300c5a7','8fe8c249-fca5-4b90-90d6-a8abea1d2fb9','Cocina de autor','TECNICA',4,FALSE,'RECHAZADA',NULL,NULL,NULL,1,'2026-04-10T00:58:37.601Z','2026-04-10T00:58:37.601Z');
INSERT INTO skills (id,"studentId",name,category,level,"isValidated","validationStatus","validatedBy","validatedAt","validationNotes",endorsements,"createdAt","updatedAt") VALUES ('1fc1964b-72cb-47b7-9176-cf344926ba93','8fe8c249-fca5-4b90-90d6-a8abea1d2fb9','Cocina chilena','TECNICA',4,FALSE,'PENDIENTE',NULL,NULL,NULL,7,'2026-04-10T00:58:37.603Z','2026-04-10T00:58:37.603Z');
INSERT INTO skills (id,"studentId",name,category,level,"isValidated","validationStatus","validatedBy","validatedAt","validationNotes",endorsements,"createdAt","updatedAt") VALUES ('430849cc-9383-4a71-bcb8-2ace6a7992c3','8fe8c249-fca5-4b90-90d6-a8abea1d2fb9','Creatividad','BLANDA',5,FALSE,'PENDIENTE',NULL,NULL,NULL,2,'2026-04-10T00:58:37.605Z','2026-04-10T00:58:37.605Z');
INSERT INTO skills (id,"studentId",name,category,level,"isValidated","validationStatus","validatedBy","validatedAt","validationNotes",endorsements,"createdAt","updatedAt") VALUES ('6c8c7885-3e76-4a6e-a990-00ac34865167','8fe8c249-fca5-4b90-90d6-a8abea1d2fb9','Atención al detalle','BLANDA',3,TRUE,'VALIDADA','a467d55b-ee5d-4943-bb21-005f005960d4','2026-04-10T00:58:37.604Z',NULL,5,'2026-04-10T00:58:37.607Z','2026-04-10T00:58:37.607Z');
INSERT INTO skills (id,"studentId",name,category,level,"isValidated","validationStatus","validatedBy","validatedAt","validationNotes",endorsements,"createdAt","updatedAt") VALUES ('8421cd62-40a3-4801-bed4-84fecaa1a380','8fe8c249-fca5-4b90-90d6-a8abea1d2fb9','Manipulación de alimentos','CERTIFICACION',3,FALSE,'RECHAZADA',NULL,NULL,NULL,6,'2026-04-10T00:58:37.608Z','2026-04-10T00:58:37.608Z');
INSERT INTO skills (id,"studentId",name,category,level,"isValidated","validationStatus","validatedBy","validatedAt","validationNotes",endorsements,"createdAt","updatedAt") VALUES ('dffcc793-e89b-4897-a788-4da64d019ef4','8fe8c249-fca5-4b90-90d6-a8abea1d2fb9','Pastelería y repostería','TECNICA',4,TRUE,'VALIDADA','a467d55b-ee5d-4943-bb21-005f005960d4','2026-04-10T00:58:37.607Z',NULL,2,'2026-04-10T00:58:37.610Z','2026-04-10T00:58:37.610Z');
INSERT INTO skills (id,"studentId",name,category,level,"isValidated","validationStatus","validatedBy","validatedAt","validationNotes",endorsements,"createdAt","updatedAt") VALUES ('55c40161-9c83-4fca-8b66-e415989a2046','8fe8c249-fca5-4b90-90d6-a8abea1d2fb9','BPM (Buenas Prácticas de Manufactura)','TECNICA',4,FALSE,'RECHAZADA',NULL,NULL,NULL,2,'2026-04-10T00:58:37.612Z','2026-04-10T00:58:37.612Z');
INSERT INTO skills (id,"studentId",name,category,level,"isValidated","validationStatus","validatedBy","validatedAt","validationNotes",endorsements,"createdAt","updatedAt") VALUES ('b2be2bf5-e764-49e4-b39b-9bd3938ce089','7a6db892-88e1-4f3f-a935-64aed6e3b05e','Contabilidad general','TECNICA',5,FALSE,'PENDIENTE',NULL,NULL,NULL,1,'2026-04-10T00:58:37.620Z','2026-04-10T00:58:37.620Z');
INSERT INTO skills (id,"studentId",name,category,level,"isValidated","validationStatus","validatedBy","validatedAt","validationNotes",endorsements,"createdAt","updatedAt") VALUES ('99aa8c61-3a65-4fcc-ba64-1b51f0abeb8c','7a6db892-88e1-4f3f-a935-64aed6e3b05e','Certificado SII','CERTIFICACION',5,FALSE,'RECHAZADA',NULL,NULL,NULL,1,'2026-04-10T00:58:37.621Z','2026-04-10T00:58:37.621Z');
INSERT INTO skills (id,"studentId",name,category,level,"isValidated","validationStatus","validatedBy","validatedAt","validationNotes",endorsements,"createdAt","updatedAt") VALUES ('f8f870ac-79b1-4d3f-be8f-70310fc3cddf','7a6db892-88e1-4f3f-a935-64aed6e3b05e','Software ERP (Softland)','TECNICA',4,FALSE,'RECHAZADA',NULL,NULL,NULL,2,'2026-04-10T00:58:37.623Z','2026-04-10T00:58:37.623Z');
INSERT INTO skills (id,"studentId",name,category,level,"isValidated","validationStatus","validatedBy","validatedAt","validationNotes",endorsements,"createdAt","updatedAt") VALUES ('9a90f710-5df5-4f91-afc7-77ae1b2fc75d','7a6db892-88e1-4f3f-a935-64aed6e3b05e','Finanzas corporativas','TECNICA',3,FALSE,'PENDIENTE',NULL,NULL,NULL,4,'2026-04-10T00:58:37.625Z','2026-04-10T00:58:37.625Z');
INSERT INTO skills (id,"studentId",name,category,level,"isValidated","validationStatus","validatedBy","validatedAt","validationNotes",endorsements,"createdAt","updatedAt") VALUES ('b81e0920-1288-45b7-b929-273bf106d44e','7a6db892-88e1-4f3f-a935-64aed6e3b05e','Auditoría','TECNICA',2,TRUE,'VALIDADA','a467d55b-ee5d-4943-bb21-005f005960d4','2026-04-10T00:58:37.623Z',NULL,8,'2026-04-10T00:58:37.626Z','2026-04-10T00:58:37.626Z');
INSERT INTO skills (id,"studentId",name,category,level,"isValidated","validationStatus","validatedBy","validatedAt","validationNotes",endorsements,"createdAt","updatedAt") VALUES ('ece10d26-beb6-4979-a46e-86f3a3c15b80','05028e09-e960-4ae4-9aee-811051e6814a','Certificado AWS Cloud Practitioner','CERTIFICACION',2,TRUE,'VALIDADA','a467d55b-ee5d-4943-bb21-005f005960d4','2026-04-10T00:58:37.632Z',NULL,1,'2026-04-10T00:58:37.635Z','2026-04-10T00:58:37.635Z');
INSERT INTO skills (id,"studentId",name,category,level,"isValidated","validationStatus","validatedBy","validatedAt","validationNotes",endorsements,"createdAt","updatedAt") VALUES ('6e627996-a830-45fb-9bd2-b9289673a2ac','05028e09-e960-4ae4-9aee-811051e6814a','TypeScript','TECNICA',2,FALSE,'PENDIENTE',NULL,NULL,NULL,8,'2026-04-10T00:58:37.637Z','2026-04-10T00:58:37.637Z');
INSERT INTO skills (id,"studentId",name,category,level,"isValidated","validationStatus","validatedBy","validatedAt","validationNotes",endorsements,"createdAt","updatedAt") VALUES ('a941f354-0dee-4e49-9872-0de2958f77e4','05028e09-e960-4ae4-9aee-811051e6814a','JavaScript','TECNICA',2,FALSE,'RECHAZADA',NULL,NULL,NULL,0,'2026-04-10T00:58:37.639Z','2026-04-10T00:58:37.639Z');
INSERT INTO skills (id,"studentId",name,category,level,"isValidated","validationStatus","validatedBy","validatedAt","validationNotes",endorsements,"createdAt","updatedAt") VALUES ('76ed2342-8d18-4c02-afd6-fa4b5293e26f','05028e09-e960-4ae4-9aee-811051e6814a','React','TECNICA',3,TRUE,'VALIDADA','a467d55b-ee5d-4943-bb21-005f005960d4','2026-04-10T00:58:37.638Z',NULL,5,'2026-04-10T00:58:37.641Z','2026-04-10T00:58:37.641Z');
INSERT INTO skills (id,"studentId",name,category,level,"isValidated","validationStatus","validatedBy","validatedAt","validationNotes",endorsements,"createdAt","updatedAt") VALUES ('d4a53b72-6ef7-4672-b944-9487ab3e456d','05028e09-e960-4ae4-9aee-811051e6814a','Git','TECNICA',4,TRUE,'VALIDADA','a467d55b-ee5d-4943-bb21-005f005960d4','2026-04-10T00:58:37.640Z',NULL,0,'2026-04-10T00:58:37.643Z','2026-04-10T00:58:37.643Z');
INSERT INTO skills (id,"studentId",name,category,level,"isValidated","validationStatus","validatedBy","validatedAt","validationNotes",endorsements,"createdAt","updatedAt") VALUES ('3dcb5a65-9dde-4e72-99e1-4fb51fe9f80b','05028e09-e960-4ae4-9aee-811051e6814a','Resolución de problemas','BLANDA',4,TRUE,'VALIDADA','a467d55b-ee5d-4943-bb21-005f005960d4','2026-04-10T00:58:37.642Z',NULL,7,'2026-04-10T00:58:37.645Z','2026-04-10T00:58:37.645Z');
INSERT INTO skills (id,"studentId",name,category,level,"isValidated","validationStatus","validatedBy","validatedAt","validationNotes",endorsements,"createdAt","updatedAt") VALUES ('d260c64e-7eb6-4b08-9d0f-1d42a5bb9c2c','d74deed2-9838-40cb-8e21-50d58c03c523','Linux','TECNICA',3,TRUE,'VALIDADA','a467d55b-ee5d-4943-bb21-005f005960d4','2026-04-10T00:58:37.658Z',NULL,6,'2026-04-10T00:58:37.661Z','2026-04-10T00:58:37.661Z');
INSERT INTO skills (id,"studentId",name,category,level,"isValidated","validationStatus","validatedBy","validatedAt","validationNotes",endorsements,"createdAt","updatedAt") VALUES ('44f02d75-b404-4795-a732-397874561a32','d74deed2-9838-40cb-8e21-50d58c03c523','Trabajo bajo presión','BLANDA',4,FALSE,'PENDIENTE',NULL,NULL,NULL,6,'2026-04-10T00:58:37.663Z','2026-04-10T00:58:37.663Z');
INSERT INTO skills (id,"studentId",name,category,level,"isValidated","validationStatus","validatedBy","validatedAt","validationNotes",endorsements,"createdAt","updatedAt") VALUES ('8980fabc-036b-461d-9241-6cfc2e60de33','d74deed2-9838-40cb-8e21-50d58c03c523','Cisco IOS','TECNICA',2,TRUE,'VALIDADA','a467d55b-ee5d-4943-bb21-005f005960d4','2026-04-10T00:58:37.662Z',NULL,1,'2026-04-10T00:58:37.665Z','2026-04-10T00:58:37.665Z');
INSERT INTO skills (id,"studentId",name,category,level,"isValidated","validationStatus","validatedBy","validatedAt","validationNotes",endorsements,"createdAt","updatedAt") VALUES ('138b500c-377a-4b60-a1a1-720c0f99f6d9','d74deed2-9838-40cb-8e21-50d58c03c523','Certificado CCNA','CERTIFICACION',2,TRUE,'VALIDADA','a467d55b-ee5d-4943-bb21-005f005960d4','2026-04-10T00:58:37.664Z',NULL,5,'2026-04-10T00:58:37.667Z','2026-04-10T00:58:37.667Z');
INSERT INTO skills (id,"studentId",name,category,level,"isValidated","validationStatus","validatedBy","validatedAt","validationNotes",endorsements,"createdAt","updatedAt") VALUES ('13dc1c4b-bccb-4049-a6aa-217e462a7cd7','d74deed2-9838-40cb-8e21-50d58c03c523','Wi-Fi / 802.11','TECNICA',5,TRUE,'VALIDADA','a467d55b-ee5d-4943-bb21-005f005960d4','2026-04-10T00:58:37.666Z',NULL,0,'2026-04-10T00:58:37.669Z','2026-04-10T00:58:37.669Z');
INSERT INTO skills (id,"studentId",name,category,level,"isValidated","validationStatus","validatedBy","validatedAt","validationNotes",endorsements,"createdAt","updatedAt") VALUES ('968849c7-4674-4f29-8e72-4564705c95d2','d74deed2-9838-40cb-8e21-50d58c03c523','Pensamiento analítico','BLANDA',5,TRUE,'VALIDADA','a467d55b-ee5d-4943-bb21-005f005960d4','2026-04-10T00:58:37.668Z',NULL,7,'2026-04-10T00:58:37.671Z','2026-04-10T00:58:37.671Z');
INSERT INTO skills (id,"studentId",name,category,level,"isValidated","validationStatus","validatedBy","validatedAt","validationNotes",endorsements,"createdAt","updatedAt") VALUES ('abaf5e63-1a02-4bb0-a088-b14a7f1ab2b7','40533205-58ee-43c5-b439-a23e3301702f','Lectura de planos','TECNICA',5,TRUE,'VALIDADA','a467d55b-ee5d-4943-bb21-005f005960d4','2026-04-10T00:58:37.678Z',NULL,2,'2026-04-10T00:58:37.681Z','2026-04-10T00:58:37.681Z');
INSERT INTO skills (id,"studentId",name,category,level,"isValidated","validationStatus","validatedBy","validatedAt","validationNotes",endorsements,"createdAt","updatedAt") VALUES ('aa8f21ab-02b7-4cd8-94d5-9d091dbbe0d9','40533205-58ee-43c5-b439-a23e3301702f','Instalaciones eléctricas','TECNICA',3,FALSE,'RECHAZADA',NULL,NULL,NULL,3,'2026-04-10T00:58:37.683Z','2026-04-10T00:58:37.683Z');
INSERT INTO skills (id,"studentId",name,category,level,"isValidated","validationStatus","validatedBy","validatedAt","validationNotes",endorsements,"createdAt","updatedAt") VALUES ('8d4beec2-9cfd-46c3-a30c-063cb46629cf','40533205-58ee-43c5-b439-a23e3301702f','Trabajo en equipo','BLANDA',4,TRUE,'VALIDADA','a467d55b-ee5d-4943-bb21-005f005960d4','2026-04-10T00:58:37.681Z',NULL,1,'2026-04-10T00:58:37.684Z','2026-04-10T00:58:37.684Z');
INSERT INTO skills (id,"studentId",name,category,level,"isValidated","validationStatus","validatedBy","validatedAt","validationNotes",endorsements,"createdAt","updatedAt") VALUES ('43674e64-dc8d-4fec-b1c5-6e4b8a722d39','40533205-58ee-43c5-b439-a23e3301702f','Automatización PLC','TECNICA',5,FALSE,'RECHAZADA',NULL,NULL,NULL,3,'2026-04-10T00:58:37.686Z','2026-04-10T00:58:37.686Z');
INSERT INTO skills (id,"studentId",name,category,level,"isValidated","validationStatus","validatedBy","validatedAt","validationNotes",endorsements,"createdAt","updatedAt") VALUES ('9f3e53c6-ad39-4ce0-ba24-9e4ee530c116','40533205-58ee-43c5-b439-a23e3301702f','Normativa SEC','TECNICA',3,TRUE,'VALIDADA','a467d55b-ee5d-4943-bb21-005f005960d4','2026-04-10T00:58:37.685Z',NULL,0,'2026-04-10T00:58:37.688Z','2026-04-10T00:58:37.688Z');
INSERT INTO skills (id,"studentId",name,category,level,"isValidated","validationStatus","validatedBy","validatedAt","validationNotes",endorsements,"createdAt","updatedAt") VALUES ('f3c8120d-d84a-432a-a5d9-de60b50517ea','c0917d45-5f5e-48b6-947d-9247402e7370','Atención al cliente','BLANDA',3,FALSE,'RECHAZADA',NULL,NULL,NULL,3,'2026-04-10T00:58:37.698Z','2026-04-10T00:58:37.698Z');
INSERT INTO skills (id,"studentId",name,category,level,"isValidated","validationStatus","validatedBy","validatedAt","validationNotes",endorsements,"createdAt","updatedAt") VALUES ('667d212d-424c-4a18-91b1-cd3dc84c9415','c0917d45-5f5e-48b6-947d-9247402e7370','Proactividad','BLANDA',3,TRUE,'VALIDADA','a467d55b-ee5d-4943-bb21-005f005960d4','2026-04-10T00:58:37.697Z',NULL,8,'2026-04-10T00:58:37.700Z','2026-04-10T00:58:37.700Z');
INSERT INTO skills (id,"studentId",name,category,level,"isValidated","validationStatus","validatedBy","validatedAt","validationNotes",endorsements,"createdAt","updatedAt") VALUES ('3e371380-59ca-43fe-9df9-9222ea23c0d2','c0917d45-5f5e-48b6-947d-9247402e7370','Soldadura MIG','TECNICA',5,TRUE,'VALIDADA','a467d55b-ee5d-4943-bb21-005f005960d4','2026-04-10T00:58:37.699Z',NULL,1,'2026-04-10T00:58:37.702Z','2026-04-10T00:58:37.702Z');
INSERT INTO skills (id,"studentId",name,category,level,"isValidated","validationStatus","validatedBy","validatedAt","validationNotes",endorsements,"createdAt","updatedAt") VALUES ('7a13627c-6fb7-40f7-afaf-162ffb924767','c0917d45-5f5e-48b6-947d-9247402e7370','Sistemas de frenos','TECNICA',5,TRUE,'VALIDADA','a467d55b-ee5d-4943-bb21-005f005960d4','2026-04-10T00:58:37.701Z',NULL,0,'2026-04-10T00:58:37.704Z','2026-04-10T00:58:37.704Z');
INSERT INTO skills (id,"studentId",name,category,level,"isValidated","validationStatus","validatedBy","validatedAt","validationNotes",endorsements,"createdAt","updatedAt") VALUES ('a75fb4ee-14fe-4927-955a-3432f630bada','c0917d45-5f5e-48b6-947d-9247402e7370','Transmisión automática','TECNICA',5,FALSE,'RECHAZADA',NULL,NULL,NULL,3,'2026-04-10T00:58:37.706Z','2026-04-10T00:58:37.706Z');
INSERT INTO skills (id,"studentId",name,category,level,"isValidated","validationStatus","validatedBy","validatedAt","validationNotes",endorsements,"createdAt","updatedAt") VALUES ('d9b2215f-2c08-4127-b2d1-47e7ddd32c97','c0917d45-5f5e-48b6-947d-9247402e7370','Vehículos híbridos','TECNICA',4,TRUE,'VALIDADA','a467d55b-ee5d-4943-bb21-005f005960d4','2026-04-10T00:58:37.705Z',NULL,5,'2026-04-10T00:58:37.708Z','2026-04-10T00:58:37.708Z');
INSERT INTO skills (id,"studentId",name,category,level,"isValidated","validationStatus","validatedBy","validatedAt","validationNotes",endorsements,"createdAt","updatedAt") VALUES ('bcbb3fc6-7164-48c6-8f4d-93ec31708325','c0917d45-5f5e-48b6-947d-9247402e7370','Diagnóstico OBD2','TECNICA',2,TRUE,'VALIDADA','a467d55b-ee5d-4943-bb21-005f005960d4','2026-04-10T00:58:37.707Z',NULL,7,'2026-04-10T00:58:37.710Z','2026-04-10T00:58:37.710Z');
INSERT INTO skills (id,"studentId",name,category,level,"isValidated","validationStatus","validatedBy","validatedAt","validationNotes",endorsements,"createdAt","updatedAt") VALUES ('e2815950-1c4a-4059-bc87-2ec527ed725c','c0917d45-5f5e-48b6-947d-9247402e7370','Motor a explosión','TECNICA',4,TRUE,'VALIDADA','a467d55b-ee5d-4943-bb21-005f005960d4','2026-04-10T00:58:37.709Z',NULL,5,'2026-04-10T00:58:37.712Z','2026-04-10T00:58:37.712Z');
INSERT INTO skills (id,"studentId",name,category,level,"isValidated","validationStatus","validatedBy","validatedAt","validationNotes",endorsements,"createdAt","updatedAt") VALUES ('3dc273bb-1a77-4496-b941-5f49330be930','d86b334c-b08c-477b-9ee1-c9d92755d89b','Liderazgo','BLANDA',4,TRUE,'VALIDADA','a467d55b-ee5d-4943-bb21-005f005960d4','2026-04-10T00:58:37.722Z',NULL,2,'2026-04-10T00:58:37.725Z','2026-04-10T00:58:37.725Z');
INSERT INTO skills (id,"studentId",name,category,level,"isValidated","validationStatus","validatedBy","validatedAt","validationNotes",endorsements,"createdAt","updatedAt") VALUES ('bc31d80f-e362-4c53-bdc8-0de90fbf267b','d86b334c-b08c-477b-9ee1-c9d92755d89b','SAP básico','TECNICA',2,FALSE,'RECHAZADA',NULL,NULL,NULL,1,'2026-04-10T00:58:37.727Z','2026-04-10T00:58:37.727Z');
INSERT INTO skills (id,"studentId",name,category,level,"isValidated","validationStatus","validatedBy","validatedAt","validationNotes",endorsements,"createdAt","updatedAt") VALUES ('4f43a8e9-27b7-4708-8aed-6de915f2e1b5','d86b334c-b08c-477b-9ee1-c9d92755d89b','Gestión del tiempo','BLANDA',2,FALSE,'RECHAZADA',NULL,NULL,NULL,2,'2026-04-10T00:58:37.728Z','2026-04-10T00:58:37.728Z');
INSERT INTO skills (id,"studentId",name,category,level,"isValidated","validationStatus","validatedBy","validatedAt","validationNotes",endorsements,"createdAt","updatedAt") VALUES ('c24326e4-6e3c-405e-b765-259c2707b9c9','d86b334c-b08c-477b-9ee1-c9d92755d89b','Microsoft Excel','TECNICA',2,FALSE,'PENDIENTE',NULL,NULL,NULL,2,'2026-04-10T00:58:37.730Z','2026-04-10T00:58:37.730Z');
INSERT INTO skills (id,"studentId",name,category,level,"isValidated","validationStatus","validatedBy","validatedAt","validationNotes",endorsements,"createdAt","updatedAt") VALUES ('d7eae957-0d24-4fca-b1a3-af8d646b6706','d86b334c-b08c-477b-9ee1-c9d92755d89b','Marketing digital','TECNICA',2,FALSE,'PENDIENTE',NULL,NULL,NULL,6,'2026-04-10T00:58:37.732Z','2026-04-10T00:58:37.732Z');
INSERT INTO skills (id,"studentId",name,category,level,"isValidated","validationStatus","validatedBy","validatedAt","validationNotes",endorsements,"createdAt","updatedAt") VALUES ('83be81b7-cd38-4ccf-99cc-a3b5f55b98b8','d86b334c-b08c-477b-9ee1-c9d92755d89b','Gestión de inventario','TECNICA',2,FALSE,'RECHAZADA',NULL,NULL,NULL,0,'2026-04-10T00:58:37.733Z','2026-04-10T00:58:37.733Z');
INSERT INTO skills (id,"studentId",name,category,level,"isValidated","validationStatus","validatedBy","validatedAt","validationNotes",endorsements,"createdAt","updatedAt") VALUES ('c9665761-12c5-48d9-896b-1507f52ec374','e77a9b9c-a419-4add-9bb3-6e534cff531b','Creatividad','BLANDA',4,TRUE,'VALIDADA','a467d55b-ee5d-4943-bb21-005f005960d4','2026-04-10T00:58:37.743Z',NULL,1,'2026-04-10T00:58:37.746Z','2026-04-10T00:58:37.746Z');
INSERT INTO skills (id,"studentId",name,category,level,"isValidated","validationStatus","validatedBy","validatedAt","validationNotes",endorsements,"createdAt","updatedAt") VALUES ('f6943d64-8d5f-4072-b670-9d1f94d55167','e77a9b9c-a419-4add-9bb3-6e534cff531b','Cocina chilena','TECNICA',2,TRUE,'VALIDADA','a467d55b-ee5d-4943-bb21-005f005960d4','2026-04-10T00:58:37.745Z',NULL,2,'2026-04-10T00:58:37.748Z','2026-04-10T00:58:37.748Z');
INSERT INTO skills (id,"studentId",name,category,level,"isValidated","validationStatus","validatedBy","validatedAt","validationNotes",endorsements,"createdAt","updatedAt") VALUES ('220b2457-db96-479d-b584-5c4c498f26bc','e77a9b9c-a419-4add-9bb3-6e534cff531b','Pastelería y repostería','TECNICA',4,TRUE,'VALIDADA','a467d55b-ee5d-4943-bb21-005f005960d4','2026-04-10T00:58:37.747Z',NULL,8,'2026-04-10T00:58:37.750Z','2026-04-10T00:58:37.750Z');
INSERT INTO skills (id,"studentId",name,category,level,"isValidated","validationStatus","validatedBy","validatedAt","validationNotes",endorsements,"createdAt","updatedAt") VALUES ('edda8f4b-205d-4e47-bf4e-c8508f053973','e77a9b9c-a419-4add-9bb3-6e534cff531b','BPM (Buenas Prácticas de Manufactura)','TECNICA',5,TRUE,'VALIDADA','a467d55b-ee5d-4943-bb21-005f005960d4','2026-04-10T00:58:37.749Z',NULL,4,'2026-04-10T00:58:37.752Z','2026-04-10T00:58:37.752Z');
INSERT INTO skills (id,"studentId",name,category,level,"isValidated","validationStatus","validatedBy","validatedAt","validationNotes",endorsements,"createdAt","updatedAt") VALUES ('cf6765c5-df74-4dda-9f8d-cbd6116d3050','e77a9b9c-a419-4add-9bb3-6e534cff531b','Atención al detalle','BLANDA',2,TRUE,'VALIDADA','a467d55b-ee5d-4943-bb21-005f005960d4','2026-04-10T00:58:37.750Z',NULL,1,'2026-04-10T00:58:37.754Z','2026-04-10T00:58:37.754Z');
INSERT INTO skills (id,"studentId",name,category,level,"isValidated","validationStatus","validatedBy","validatedAt","validationNotes",endorsements,"createdAt","updatedAt") VALUES ('928e3dd2-3619-40f7-87ef-74956b6b32de','e77a9b9c-a419-4add-9bb3-6e534cff531b','Trabajo bajo presión','BLANDA',3,FALSE,'PENDIENTE',NULL,NULL,NULL,7,'2026-04-10T00:58:37.755Z','2026-04-10T00:58:37.755Z');
INSERT INTO skills (id,"studentId",name,category,level,"isValidated","validationStatus","validatedBy","validatedAt","validationNotes",endorsements,"createdAt","updatedAt") VALUES ('3c137b06-9470-43b6-ae6a-72e8f1cccfd8','e77a9b9c-a419-4add-9bb3-6e534cff531b','Servicio de sala','TECNICA',2,FALSE,'RECHAZADA',NULL,NULL,NULL,1,'2026-04-10T00:58:37.757Z','2026-04-10T00:58:37.757Z');
INSERT INTO skills (id,"studentId",name,category,level,"isValidated","validationStatus","validatedBy","validatedAt","validationNotes",endorsements,"createdAt","updatedAt") VALUES ('47a3adfb-0470-4c35-b212-1095a53bd7df','e77a9b9c-a419-4add-9bb3-6e534cff531b','Cocina de autor','TECNICA',2,TRUE,'VALIDADA','a467d55b-ee5d-4943-bb21-005f005960d4','2026-04-10T00:58:37.755Z',NULL,7,'2026-04-10T00:58:37.758Z','2026-04-10T00:58:37.758Z');
INSERT INTO skills (id,"studentId",name,category,level,"isValidated","validationStatus","validatedBy","validatedAt","validationNotes",endorsements,"createdAt","updatedAt") VALUES ('472c3526-6ba3-4e5c-915b-2c371b565e6c','e77a9b9c-a419-4add-9bb3-6e534cff531b','Manipulación de alimentos','CERTIFICACION',3,TRUE,'VALIDADA','a467d55b-ee5d-4943-bb21-005f005960d4','2026-04-10T00:58:37.757Z',NULL,6,'2026-04-10T00:58:37.760Z','2026-04-10T00:58:37.760Z');
INSERT INTO skills (id,"studentId",name,category,level,"isValidated","validationStatus","validatedBy","validatedAt","validationNotes",endorsements,"createdAt","updatedAt") VALUES ('a06392bf-872b-483b-8a6e-1f77f6d53f72','7aa2c535-e6a1-4a83-a713-875bd4a29a90','Excel avanzado','TECNICA',4,TRUE,'VALIDADA','a467d55b-ee5d-4943-bb21-005f005960d4','2026-04-10T00:58:37.771Z',NULL,2,'2026-04-10T00:58:37.774Z','2026-04-10T00:58:37.774Z');
INSERT INTO skills (id,"studentId",name,category,level,"isValidated","validationStatus","validatedBy","validatedAt","validationNotes",endorsements,"createdAt","updatedAt") VALUES ('d96d2a5a-69b3-41bf-a587-234dcda33da6','7aa2c535-e6a1-4a83-a713-875bd4a29a90','Responsabilidad','BLANDA',5,TRUE,'VALIDADA','a467d55b-ee5d-4943-bb21-005f005960d4','2026-04-10T00:58:37.773Z',NULL,7,'2026-04-10T00:58:37.776Z','2026-04-10T00:58:37.776Z');
INSERT INTO skills (id,"studentId",name,category,level,"isValidated","validationStatus","validatedBy","validatedAt","validationNotes",endorsements,"createdAt","updatedAt") VALUES ('b9bf3dc0-54f5-4e60-af8e-72782ffa7626','7aa2c535-e6a1-4a83-a713-875bd4a29a90','Pensamiento analítico','BLANDA',4,TRUE,'VALIDADA','a467d55b-ee5d-4943-bb21-005f005960d4','2026-04-10T00:58:37.774Z',NULL,4,'2026-04-10T00:58:37.777Z','2026-04-10T00:58:37.777Z');
INSERT INTO skills (id,"studentId",name,category,level,"isValidated","validationStatus","validatedBy","validatedAt","validationNotes",endorsements,"createdAt","updatedAt") VALUES ('c00ea316-8f83-4e60-a39c-fed75b2e561d','7aa2c535-e6a1-4a83-a713-875bd4a29a90','Auditoría','TECNICA',5,TRUE,'VALIDADA','a467d55b-ee5d-4943-bb21-005f005960d4','2026-04-10T00:58:37.778Z',NULL,6,'2026-04-10T00:58:37.781Z','2026-04-10T00:58:37.781Z');
INSERT INTO skills (id,"studentId",name,category,level,"isValidated","validationStatus","validatedBy","validatedAt","validationNotes",endorsements,"createdAt","updatedAt") VALUES ('1f017fa5-3967-4460-9108-ff63103226ac','7aa2c535-e6a1-4a83-a713-875bd4a29a90','Finanzas corporativas','TECNICA',2,TRUE,'VALIDADA','a467d55b-ee5d-4943-bb21-005f005960d4','2026-04-10T00:58:37.780Z',NULL,7,'2026-04-10T00:58:37.783Z','2026-04-10T00:58:37.783Z');
INSERT INTO skills (id,"studentId",name,category,level,"isValidated","validationStatus","validatedBy","validatedAt","validationNotes",endorsements,"createdAt","updatedAt") VALUES ('bd197cf3-5cc3-4468-8dad-f461548ff786','c9884408-42dd-4e40-a5ed-dfc8e6dfc485','Certificado AWS Cloud Practitioner','CERTIFICACION',3,FALSE,'RECHAZADA',NULL,NULL,NULL,2,'2026-04-10T00:58:37.793Z','2026-04-10T00:58:37.793Z');
INSERT INTO skills (id,"studentId",name,category,level,"isValidated","validationStatus","validatedBy","validatedAt","validationNotes",endorsements,"createdAt","updatedAt") VALUES ('68b17b03-1243-4303-99f4-b670a9c74b89','c9884408-42dd-4e40-a5ed-dfc8e6dfc485','Resolución de problemas','BLANDA',3,FALSE,'PENDIENTE',NULL,NULL,NULL,7,'2026-04-10T00:58:37.795Z','2026-04-10T00:58:37.795Z');
INSERT INTO skills (id,"studentId",name,category,level,"isValidated","validationStatus","validatedBy","validatedAt","validationNotes",endorsements,"createdAt","updatedAt") VALUES ('48bb79c0-c9d4-43ed-8bd8-2d934753034e','c9884408-42dd-4e40-a5ed-dfc8e6dfc485','HTML/CSS','TECNICA',4,TRUE,'VALIDADA','a467d55b-ee5d-4943-bb21-005f005960d4','2026-04-10T00:58:37.793Z',NULL,1,'2026-04-10T00:58:37.796Z','2026-04-10T00:58:37.796Z');
INSERT INTO skills (id,"studentId",name,category,level,"isValidated","validationStatus","validatedBy","validatedAt","validationNotes",endorsements,"createdAt","updatedAt") VALUES ('5b2c7cf6-a63d-4e1e-a82e-3d55c380e9ea','c9884408-42dd-4e40-a5ed-dfc8e6dfc485','Python','TECNICA',3,TRUE,'VALIDADA','a467d55b-ee5d-4943-bb21-005f005960d4','2026-04-10T00:58:37.795Z',NULL,5,'2026-04-10T00:58:37.798Z','2026-04-10T00:58:37.798Z');
INSERT INTO skills (id,"studentId",name,category,level,"isValidated","validationStatus","validatedBy","validatedAt","validationNotes",endorsements,"createdAt","updatedAt") VALUES ('afb720ff-18bb-4e14-a923-6abe8b755ea6','c9884408-42dd-4e40-a5ed-dfc8e6dfc485','SQL','TECNICA',3,TRUE,'VALIDADA','a467d55b-ee5d-4943-bb21-005f005960d4','2026-04-10T00:58:37.796Z',NULL,2,'2026-04-10T00:58:37.800Z','2026-04-10T00:58:37.800Z');
INSERT INTO skills (id,"studentId",name,category,level,"isValidated","validationStatus","validatedBy","validatedAt","validationNotes",endorsements,"createdAt","updatedAt") VALUES ('bd7b0687-cda6-4f63-9d7c-d102065b0dee','c9884408-42dd-4e40-a5ed-dfc8e6dfc485','Trabajo en equipo','BLANDA',3,FALSE,'PENDIENTE',NULL,NULL,NULL,6,'2026-04-10T00:58:37.801Z','2026-04-10T00:58:37.801Z');
INSERT INTO skills (id,"studentId",name,category,level,"isValidated","validationStatus","validatedBy","validatedAt","validationNotes",endorsements,"createdAt","updatedAt") VALUES ('08dc8020-b8db-4d1d-8c4d-778cc42ca234','c9884408-42dd-4e40-a5ed-dfc8e6dfc485','Node.js','TECNICA',3,FALSE,'RECHAZADA',NULL,NULL,NULL,4,'2026-04-10T00:58:37.803Z','2026-04-10T00:58:37.803Z');
INSERT INTO skills (id,"studentId",name,category,level,"isValidated","validationStatus","validatedBy","validatedAt","validationNotes",endorsements,"createdAt","updatedAt") VALUES ('ec9fa758-2a6c-4ebb-a40e-931d53354085','c9884408-42dd-4e40-a5ed-dfc8e6dfc485','Comunicación efectiva','BLANDA',3,FALSE,'RECHAZADA',NULL,NULL,NULL,1,'2026-04-10T00:58:37.804Z','2026-04-10T00:58:37.804Z');
INSERT INTO skills (id,"studentId",name,category,level,"isValidated","validationStatus","validatedBy","validatedAt","validationNotes",endorsements,"createdAt","updatedAt") VALUES ('ed789205-8fb3-4bbb-8f99-4ae24035847a','c9884408-42dd-4e40-a5ed-dfc8e6dfc485','React','TECNICA',3,TRUE,'VALIDADA','a467d55b-ee5d-4943-bb21-005f005960d4','2026-04-10T00:58:37.803Z',NULL,5,'2026-04-10T00:58:37.806Z','2026-04-10T00:58:37.806Z');
INSERT INTO skills (id,"studentId",name,category,level,"isValidated","validationStatus","validatedBy","validatedAt","validationNotes",endorsements,"createdAt","updatedAt") VALUES ('9c577fe9-7ebb-4409-8882-246356a392cb','3bdc6ef4-6ad5-41e5-a280-a41de2954dc7','Cisco IOS','TECNICA',2,TRUE,'VALIDADA','a467d55b-ee5d-4943-bb21-005f005960d4','2026-04-10T00:58:37.811Z',NULL,1,'2026-04-10T00:58:37.814Z','2026-04-10T00:58:37.814Z');
INSERT INTO skills (id,"studentId",name,category,level,"isValidated","validationStatus","validatedBy","validatedAt","validationNotes",endorsements,"createdAt","updatedAt") VALUES ('b64bad23-6ef7-48dd-97f4-3e6db46b3253','3bdc6ef4-6ad5-41e5-a280-a41de2954dc7','TCP/IP','TECNICA',4,TRUE,'VALIDADA','a467d55b-ee5d-4943-bb21-005f005960d4','2026-04-10T00:58:37.813Z',NULL,8,'2026-04-10T00:58:37.816Z','2026-04-10T00:58:37.816Z');
INSERT INTO skills (id,"studentId",name,category,level,"isValidated","validationStatus","validatedBy","validatedAt","validationNotes",endorsements,"createdAt","updatedAt") VALUES ('499a2300-f96c-4c75-a45e-d5043512b21e','3bdc6ef4-6ad5-41e5-a280-a41de2954dc7','VLANs','TECNICA',4,TRUE,'VALIDADA','a467d55b-ee5d-4943-bb21-005f005960d4','2026-04-10T00:58:37.815Z',NULL,8,'2026-04-10T00:58:37.818Z','2026-04-10T00:58:37.818Z');
INSERT INTO skills (id,"studentId",name,category,level,"isValidated","validationStatus","validatedBy","validatedAt","validationNotes",endorsements,"createdAt","updatedAt") VALUES ('adb13de7-000f-4c61-bd59-02f9dfb32944','3bdc6ef4-6ad5-41e5-a280-a41de2954dc7','Firewall/Seguridad','TECNICA',3,TRUE,'VALIDADA','a467d55b-ee5d-4943-bb21-005f005960d4','2026-04-10T00:58:37.816Z',NULL,5,'2026-04-10T00:58:37.819Z','2026-04-10T00:58:37.819Z');
INSERT INTO skills (id,"studentId",name,category,level,"isValidated","validationStatus","validatedBy","validatedAt","validationNotes",endorsements,"createdAt","updatedAt") VALUES ('427c3ab1-d2f2-4a5b-bd15-3fc906028c7a','3bdc6ef4-6ad5-41e5-a280-a41de2954dc7','Linux','TECNICA',2,TRUE,'VALIDADA','a467d55b-ee5d-4943-bb21-005f005960d4','2026-04-10T00:58:37.818Z',NULL,0,'2026-04-10T00:58:37.821Z','2026-04-10T00:58:37.821Z');
INSERT INTO skills (id,"studentId",name,category,level,"isValidated","validationStatus","validatedBy","validatedAt","validationNotes",endorsements,"createdAt","updatedAt") VALUES ('f15f15f5-60d8-48d8-932c-bb05183df3f3','3bdc6ef4-6ad5-41e5-a280-a41de2954dc7','Wi-Fi / 802.11','TECNICA',2,TRUE,'VALIDADA','a467d55b-ee5d-4943-bb21-005f005960d4','2026-04-10T00:58:37.819Z',NULL,1,'2026-04-10T00:58:37.822Z','2026-04-10T00:58:37.822Z');
INSERT INTO skills (id,"studentId",name,category,level,"isValidated","validationStatus","validatedBy","validatedAt","validationNotes",endorsements,"createdAt","updatedAt") VALUES ('fd6d4c19-c5e8-45f1-a675-ace915ae95a8','3bdc6ef4-6ad5-41e5-a280-a41de2954dc7','Cableado estructurado','TECNICA',3,FALSE,'PENDIENTE',NULL,NULL,NULL,7,'2026-04-10T00:58:37.824Z','2026-04-10T00:58:37.824Z');
INSERT INTO skills (id,"studentId",name,category,level,"isValidated","validationStatus","validatedBy","validatedAt","validationNotes",endorsements,"createdAt","updatedAt") VALUES ('5f360eae-5ad6-4d12-bf4f-82de6e797a96','3bdc6ef4-6ad5-41e5-a280-a41de2954dc7','Pensamiento analítico','BLANDA',2,FALSE,'RECHAZADA',NULL,NULL,NULL,2,'2026-04-10T00:58:37.825Z','2026-04-10T00:58:37.825Z');
INSERT INTO skills (id,"studentId",name,category,level,"isValidated","validationStatus","validatedBy","validatedAt","validationNotes",endorsements,"createdAt","updatedAt") VALUES ('da7066d5-1d5e-47b0-b3e6-609c0b89e737','b14f2bc5-20cd-4a9a-868d-7ff33d2f08d7','Trabajo en equipo','BLANDA',3,TRUE,'VALIDADA','a467d55b-ee5d-4943-bb21-005f005960d4','2026-04-10T00:58:37.833Z',NULL,0,'2026-04-10T00:58:37.836Z','2026-04-10T00:58:37.836Z');
INSERT INTO skills (id,"studentId",name,category,level,"isValidated","validationStatus","validatedBy","validatedAt","validationNotes",endorsements,"createdAt","updatedAt") VALUES ('9f7195b1-025c-42f4-afe9-819417368610','b14f2bc5-20cd-4a9a-868d-7ff33d2f08d7','Licencia SEC Clase B','CERTIFICACION',4,TRUE,'VALIDADA','a467d55b-ee5d-4943-bb21-005f005960d4','2026-04-10T00:58:37.835Z',NULL,5,'2026-04-10T00:58:37.838Z','2026-04-10T00:58:37.838Z');
INSERT INTO skills (id,"studentId",name,category,level,"isValidated","validationStatus","validatedBy","validatedAt","validationNotes",endorsements,"createdAt","updatedAt") VALUES ('4567ae81-e7fb-4317-a699-2dc43ab71063','b14f2bc5-20cd-4a9a-868d-7ff33d2f08d7','Normativa SEC','TECNICA',4,TRUE,'VALIDADA','a467d55b-ee5d-4943-bb21-005f005960d4','2026-04-10T00:58:37.836Z',NULL,1,'2026-04-10T00:58:37.839Z','2026-04-10T00:58:37.839Z');
INSERT INTO skills (id,"studentId",name,category,level,"isValidated","validationStatus","validatedBy","validatedAt","validationNotes",endorsements,"createdAt","updatedAt") VALUES ('f212b5b6-9d03-4843-a5ab-ed4997f687f7','b14f2bc5-20cd-4a9a-868d-7ff33d2f08d7','Tableros eléctricos','TECNICA',3,FALSE,'PENDIENTE',NULL,NULL,NULL,7,'2026-04-10T00:58:37.841Z','2026-04-10T00:58:37.841Z');
INSERT INTO skills (id,"studentId",name,category,level,"isValidated","validationStatus","validatedBy","validatedAt","validationNotes",endorsements,"createdAt","updatedAt") VALUES ('0af27331-7eb8-42c1-a218-63b4cbde07b3','b14f2bc5-20cd-4a9a-868d-7ff33d2f08d7','Lectura de planos','TECNICA',5,FALSE,'RECHAZADA',NULL,NULL,NULL,6,'2026-04-10T00:58:37.843Z','2026-04-10T00:58:37.843Z');
INSERT INTO skills (id,"studentId",name,category,level,"isValidated","validationStatus","validatedBy","validatedAt","validationNotes",endorsements,"createdAt","updatedAt") VALUES ('7173c17a-8dcc-431e-857e-bcff64c4ad4a','b14f2bc5-20cd-4a9a-868d-7ff33d2f08d7','Responsabilidad','BLANDA',3,FALSE,'RECHAZADA',NULL,NULL,NULL,0,'2026-04-10T00:58:37.845Z','2026-04-10T00:58:37.845Z');
INSERT INTO skills (id,"studentId",name,category,level,"isValidated","validationStatus","validatedBy","validatedAt","validationNotes",endorsements,"createdAt","updatedAt") VALUES ('dc623cbf-ce29-4b4e-8cac-1ffa6b77c00a','b14f2bc5-20cd-4a9a-868d-7ff33d2f08d7','Energía solar FV','TECNICA',2,TRUE,'VALIDADA','a467d55b-ee5d-4943-bb21-005f005960d4','2026-04-10T00:58:37.844Z',NULL,1,'2026-04-10T00:58:37.847Z','2026-04-10T00:58:37.847Z');
INSERT INTO skills (id,"studentId",name,category,level,"isValidated","validationStatus","validatedBy","validatedAt","validationNotes",endorsements,"createdAt","updatedAt") VALUES ('bf3fb36f-f682-4902-8cf2-9fb5f060866c','b14f2bc5-20cd-4a9a-868d-7ff33d2f08d7','Automatización PLC','TECNICA',2,FALSE,'RECHAZADA',NULL,NULL,NULL,4,'2026-04-10T00:58:37.849Z','2026-04-10T00:58:37.849Z');
INSERT INTO skills (id,"studentId",name,category,level,"isValidated","validationStatus","validatedBy","validatedAt","validationNotes",endorsements,"createdAt","updatedAt") VALUES ('1c2d5b56-61bc-41e2-b76e-ed9c7c9e0f05','b14f2bc5-20cd-4a9a-868d-7ff33d2f08d7','Instalaciones eléctricas','TECNICA',5,TRUE,'VALIDADA','a467d55b-ee5d-4943-bb21-005f005960d4','2026-04-10T00:58:37.847Z',NULL,8,'2026-04-10T00:58:37.850Z','2026-04-10T00:58:37.850Z');
INSERT INTO skills (id,"studentId",name,category,level,"isValidated","validationStatus","validatedBy","validatedAt","validationNotes",endorsements,"createdAt","updatedAt") VALUES ('362b4006-4ec4-4ea4-a496-ae27a1a303c6','4db4cf86-c9c3-49d7-beca-7878c4a8575d','Sistemas de frenos','TECNICA',5,TRUE,'VALIDADA','a467d55b-ee5d-4943-bb21-005f005960d4','2026-04-10T00:58:37.860Z',NULL,5,'2026-04-10T00:58:37.863Z','2026-04-10T00:58:37.863Z');
INSERT INTO skills (id,"studentId",name,category,level,"isValidated","validationStatus","validatedBy","validatedAt","validationNotes",endorsements,"createdAt","updatedAt") VALUES ('2ce13a60-f1a6-4a09-8b4f-640ac14f6345','4db4cf86-c9c3-49d7-beca-7878c4a8575d','Soldadura MIG','TECNICA',5,FALSE,'PENDIENTE',NULL,NULL,NULL,2,'2026-04-10T00:58:37.865Z','2026-04-10T00:58:37.865Z');
INSERT INTO skills (id,"studentId",name,category,level,"isValidated","validationStatus","validatedBy","validatedAt","validationNotes",endorsements,"createdAt","updatedAt") VALUES ('bec676fb-50c1-40dd-a241-94e9c755c155','4db4cf86-c9c3-49d7-beca-7878c4a8575d','Motor a explosión','TECNICA',3,FALSE,'PENDIENTE',NULL,NULL,NULL,4,'2026-04-10T00:58:37.866Z','2026-04-10T00:58:37.866Z');
INSERT INTO skills (id,"studentId",name,category,level,"isValidated","validationStatus","validatedBy","validatedAt","validationNotes",endorsements,"createdAt","updatedAt") VALUES ('3940861f-20ce-49a2-ab64-a24b753a2fbc','4db4cf86-c9c3-49d7-beca-7878c4a8575d','Atención al cliente','BLANDA',2,TRUE,'VALIDADA','a467d55b-ee5d-4943-bb21-005f005960d4','2026-04-10T00:58:37.865Z',NULL,8,'2026-04-10T00:58:37.868Z','2026-04-10T00:58:37.868Z');
INSERT INTO skills (id,"studentId",name,category,level,"isValidated","validationStatus","validatedBy","validatedAt","validationNotes",endorsements,"createdAt","updatedAt") VALUES ('6661ee79-a3ca-4c19-bccc-e4b0235ed45e','4db4cf86-c9c3-49d7-beca-7878c4a8575d','Proactividad','BLANDA',3,FALSE,'PENDIENTE',NULL,NULL,NULL,3,'2026-04-10T00:58:37.870Z','2026-04-10T00:58:37.870Z');
INSERT INTO skills (id,"studentId",name,category,level,"isValidated","validationStatus","validatedBy","validatedAt","validationNotes",endorsements,"createdAt","updatedAt") VALUES ('4473f9fa-3273-4c26-9c66-1c744878384f','4db4cf86-c9c3-49d7-beca-7878c4a8575d','Transmisión automática','TECNICA',4,FALSE,'PENDIENTE',NULL,NULL,NULL,3,'2026-04-10T00:58:37.872Z','2026-04-10T00:58:37.872Z');
INSERT INTO skills (id,"studentId",name,category,level,"isValidated","validationStatus","validatedBy","validatedAt","validationNotes",endorsements,"createdAt","updatedAt") VALUES ('2000a7c5-3101-4c8f-85ba-009dbbe71d0e','4db4cf86-c9c3-49d7-beca-7878c4a8575d','Diagnóstico OBD2','TECNICA',3,TRUE,'VALIDADA','a467d55b-ee5d-4943-bb21-005f005960d4','2026-04-10T00:58:37.870Z',NULL,5,'2026-04-10T00:58:37.874Z','2026-04-10T00:58:37.874Z');
INSERT INTO skills (id,"studentId",name,category,level,"isValidated","validationStatus","validatedBy","validatedAt","validationNotes",endorsements,"createdAt","updatedAt") VALUES ('387f21be-bc4a-4140-b67b-cd9f6fa0584c','4db4cf86-c9c3-49d7-beca-7878c4a8575d','Vehículos híbridos','TECNICA',2,FALSE,'RECHAZADA',NULL,NULL,NULL,4,'2026-04-10T00:58:37.875Z','2026-04-10T00:58:37.875Z');
INSERT INTO skills (id,"studentId",name,category,level,"isValidated","validationStatus","validatedBy","validatedAt","validationNotes",endorsements,"createdAt","updatedAt") VALUES ('20099124-0c9d-41f1-b590-097efc9e1810','b0c006de-73c1-46ad-90bb-18e8f86358a7','Certificado Google Analytics','CERTIFICACION',3,TRUE,'VALIDADA','a467d55b-ee5d-4943-bb21-005f005960d4','2026-04-10T00:58:37.882Z',NULL,1,'2026-04-10T00:58:37.885Z','2026-04-10T00:58:37.885Z');
INSERT INTO skills (id,"studentId",name,category,level,"isValidated","validationStatus","validatedBy","validatedAt","validationNotes",endorsements,"createdAt","updatedAt") VALUES ('38b21d40-0c7d-4906-8ece-8326a4972c25','b0c006de-73c1-46ad-90bb-18e8f86358a7','SAP básico','TECNICA',3,TRUE,'VALIDADA','a467d55b-ee5d-4943-bb21-005f005960d4','2026-04-10T00:58:37.884Z',NULL,8,'2026-04-10T00:58:37.887Z','2026-04-10T00:58:37.887Z');
INSERT INTO skills (id,"studentId",name,category,level,"isValidated","validationStatus","validatedBy","validatedAt","validationNotes",endorsements,"createdAt","updatedAt") VALUES ('a8de8c68-4560-49a5-b6e8-d3ffed1f258d','b0c006de-73c1-46ad-90bb-18e8f86358a7','Recursos Humanos','TECNICA',3,FALSE,'PENDIENTE',NULL,NULL,NULL,5,'2026-04-10T00:58:37.888Z','2026-04-10T00:58:37.888Z');
INSERT INTO skills (id,"studentId",name,category,level,"isValidated","validationStatus","validatedBy","validatedAt","validationNotes",endorsements,"createdAt","updatedAt") VALUES ('4732ab49-4432-4d18-8cd3-bf1a2dec6d4a','b0c006de-73c1-46ad-90bb-18e8f86358a7','Gestión de inventario','TECNICA',2,TRUE,'VALIDADA','a467d55b-ee5d-4943-bb21-005f005960d4','2026-04-10T00:58:37.887Z',NULL,8,'2026-04-10T00:58:37.890Z','2026-04-10T00:58:37.890Z');
INSERT INTO skills (id,"studentId",name,category,level,"isValidated","validationStatus","validatedBy","validatedAt","validationNotes",endorsements,"createdAt","updatedAt") VALUES ('22891112-5930-425d-b9d0-c997483024cf','b0c006de-73c1-46ad-90bb-18e8f86358a7','Microsoft Excel','TECNICA',3,FALSE,'PENDIENTE',NULL,NULL,NULL,3,'2026-04-10T00:58:37.892Z','2026-04-10T00:58:37.892Z');
INSERT INTO skills (id,"studentId",name,category,level,"isValidated","validationStatus","validatedBy","validatedAt","validationNotes",endorsements,"createdAt","updatedAt") VALUES ('5abdb55d-391c-4c00-8e80-cefe254a792c','b0c006de-73c1-46ad-90bb-18e8f86358a7','Marketing digital','TECNICA',3,TRUE,'VALIDADA','a467d55b-ee5d-4943-bb21-005f005960d4','2026-04-10T00:58:37.891Z',NULL,1,'2026-04-10T00:58:37.894Z','2026-04-10T00:58:37.894Z');
INSERT INTO skills (id,"studentId",name,category,level,"isValidated","validationStatus","validatedBy","validatedAt","validationNotes",endorsements,"createdAt","updatedAt") VALUES ('c8e30292-a628-4816-9f85-bfdc758531a4','b0c006de-73c1-46ad-90bb-18e8f86358a7','Comunicación efectiva','BLANDA',3,TRUE,'VALIDADA','a467d55b-ee5d-4943-bb21-005f005960d4','2026-04-10T00:58:37.893Z',NULL,8,'2026-04-10T00:58:37.896Z','2026-04-10T00:58:37.896Z');
INSERT INTO skills (id,"studentId",name,category,level,"isValidated","validationStatus","validatedBy","validatedAt","validationNotes",endorsements,"createdAt","updatedAt") VALUES ('ab3f113d-b0d6-482c-9d01-aee065aeaffc','66ff06f9-e0e5-4076-bc8b-d591e5fe493b','Cocina chilena','TECNICA',5,FALSE,'PENDIENTE',NULL,NULL,NULL,7,'2026-04-10T00:58:37.906Z','2026-04-10T00:58:37.906Z');
INSERT INTO skills (id,"studentId",name,category,level,"isValidated","validationStatus","validatedBy","validatedAt","validationNotes",endorsements,"createdAt","updatedAt") VALUES ('52a7b453-c0f6-4932-9f84-5822bfb42654','66ff06f9-e0e5-4076-bc8b-d591e5fe493b','Atención al detalle','BLANDA',3,FALSE,'PENDIENTE',NULL,NULL,NULL,2,'2026-04-10T00:58:37.908Z','2026-04-10T00:58:37.908Z');
INSERT INTO skills (id,"studentId",name,category,level,"isValidated","validationStatus","validatedBy","validatedAt","validationNotes",endorsements,"createdAt","updatedAt") VALUES ('3564575c-5844-414c-950b-ceb94f618640','66ff06f9-e0e5-4076-bc8b-d591e5fe493b','Creatividad','BLANDA',2,FALSE,'PENDIENTE',NULL,NULL,NULL,1,'2026-04-10T00:58:37.910Z','2026-04-10T00:58:37.910Z');
INSERT INTO skills (id,"studentId",name,category,level,"isValidated","validationStatus","validatedBy","validatedAt","validationNotes",endorsements,"createdAt","updatedAt") VALUES ('1607d8d9-fc2a-4ebd-a0b7-b5f1c82cf115','66ff06f9-e0e5-4076-bc8b-d591e5fe493b','Pastelería y repostería','TECNICA',2,TRUE,'VALIDADA','a467d55b-ee5d-4943-bb21-005f005960d4','2026-04-10T00:58:37.909Z',NULL,3,'2026-04-10T00:58:37.912Z','2026-04-10T00:58:37.912Z');
INSERT INTO skills (id,"studentId",name,category,level,"isValidated","validationStatus","validatedBy","validatedAt","validationNotes",endorsements,"createdAt","updatedAt") VALUES ('7342d22b-3bfd-4457-8942-faf9f90c4e5f','66ff06f9-e0e5-4076-bc8b-d591e5fe493b','BPM (Buenas Prácticas de Manufactura)','TECNICA',4,FALSE,'RECHAZADA',NULL,NULL,NULL,1,'2026-04-10T00:58:37.914Z','2026-04-10T00:58:37.914Z');
INSERT INTO skills (id,"studentId",name,category,level,"isValidated","validationStatus","validatedBy","validatedAt","validationNotes",endorsements,"createdAt","updatedAt") VALUES ('8844b79c-d20d-4b97-a77c-0e3e596383b0','66ff06f9-e0e5-4076-bc8b-d591e5fe493b','Cocina de autor','TECNICA',2,FALSE,'RECHAZADA',NULL,NULL,NULL,4,'2026-04-10T00:58:37.916Z','2026-04-10T00:58:37.916Z');
INSERT INTO skills (id,"studentId",name,category,level,"isValidated","validationStatus","validatedBy","validatedAt","validationNotes",endorsements,"createdAt","updatedAt") VALUES ('df45c883-b60a-43a8-80df-6ba61aba5f4e','66ff06f9-e0e5-4076-bc8b-d591e5fe493b','Servicio de sala','TECNICA',5,FALSE,'RECHAZADA',NULL,NULL,NULL,7,'2026-04-10T00:58:37.918Z','2026-04-10T00:58:37.918Z');
INSERT INTO skills (id,"studentId",name,category,level,"isValidated","validationStatus","validatedBy","validatedAt","validationNotes",endorsements,"createdAt","updatedAt") VALUES ('36dd6a02-dbfc-4902-a72a-eeeeae7e7e1b','7cf669c7-5fc5-4288-8158-f116ecc298f1','Pensamiento analítico','BLANDA',4,FALSE,'RECHAZADA',NULL,NULL,NULL,7,'2026-04-10T00:58:37.929Z','2026-04-10T00:58:37.929Z');
INSERT INTO skills (id,"studentId",name,category,level,"isValidated","validationStatus","validatedBy","validatedAt","validationNotes",endorsements,"createdAt","updatedAt") VALUES ('c9d95d9b-e73e-4f6e-95c1-1fb21e463606','7cf669c7-5fc5-4288-8158-f116ecc298f1','Contabilidad general','TECNICA',3,TRUE,'VALIDADA','a467d55b-ee5d-4943-bb21-005f005960d4','2026-04-10T00:58:37.928Z',NULL,7,'2026-04-10T00:58:37.931Z','2026-04-10T00:58:37.931Z');
INSERT INTO skills (id,"studentId",name,category,level,"isValidated","validationStatus","validatedBy","validatedAt","validationNotes",endorsements,"createdAt","updatedAt") VALUES ('efdfe12a-f9fb-4e4e-9324-a81b0f9c3c67','7cf669c7-5fc5-4288-8158-f116ecc298f1','Certificado SII','CERTIFICACION',2,FALSE,'PENDIENTE',NULL,NULL,NULL,5,'2026-04-10T00:58:37.933Z','2026-04-10T00:58:37.933Z');
INSERT INTO skills (id,"studentId",name,category,level,"isValidated","validationStatus","validatedBy","validatedAt","validationNotes",endorsements,"createdAt","updatedAt") VALUES ('dafc9c1e-0e0b-448f-83c7-ebd10edc25ed','7cf669c7-5fc5-4288-8158-f116ecc298f1','Software ERP (Softland)','TECNICA',3,TRUE,'VALIDADA','a467d55b-ee5d-4943-bb21-005f005960d4','2026-04-10T00:58:37.932Z',NULL,2,'2026-04-10T00:58:37.935Z','2026-04-10T00:58:37.935Z');
INSERT INTO skills (id,"studentId",name,category,level,"isValidated","validationStatus","validatedBy","validatedAt","validationNotes",endorsements,"createdAt","updatedAt") VALUES ('d054088d-2499-447d-916b-fe7b5b04aa16','7cf669c7-5fc5-4288-8158-f116ecc298f1','Finanzas corporativas','TECNICA',5,TRUE,'VALIDADA','a467d55b-ee5d-4943-bb21-005f005960d4','2026-04-10T00:58:37.934Z',NULL,0,'2026-04-10T00:58:37.937Z','2026-04-10T00:58:37.937Z');
INSERT INTO skills (id,"studentId",name,category,level,"isValidated","validationStatus","validatedBy","validatedAt","validationNotes",endorsements,"createdAt","updatedAt") VALUES ('1587172d-0c8c-474b-8033-cf899d3f64ae','b763b1fd-84a4-4d39-9531-58d76cf24f3c','Comunicación efectiva','BLANDA',2,TRUE,'VALIDADA','a467d55b-ee5d-4943-bb21-005f005960d4','2026-04-10T00:58:37.942Z',NULL,0,'2026-04-10T00:58:37.945Z','2026-04-10T00:58:37.945Z');
INSERT INTO skills (id,"studentId",name,category,level,"isValidated","validationStatus","validatedBy","validatedAt","validationNotes",endorsements,"createdAt","updatedAt") VALUES ('ee0c50b6-8de8-416d-87b0-c01f63181ef0','b763b1fd-84a4-4d39-9531-58d76cf24f3c','TypeScript','TECNICA',5,FALSE,'RECHAZADA',NULL,NULL,NULL,3,'2026-04-10T00:58:37.946Z','2026-04-10T00:58:37.946Z');
INSERT INTO skills (id,"studentId",name,category,level,"isValidated","validationStatus","validatedBy","validatedAt","validationNotes",endorsements,"createdAt","updatedAt") VALUES ('c72d8128-406a-47d6-91d1-c69860bba2c0','b763b1fd-84a4-4d39-9531-58d76cf24f3c','JavaScript','TECNICA',3,TRUE,'VALIDADA','a467d55b-ee5d-4943-bb21-005f005960d4','2026-04-10T00:58:37.945Z',NULL,4,'2026-04-10T00:58:37.948Z','2026-04-10T00:58:37.948Z');
INSERT INTO skills (id,"studentId",name,category,level,"isValidated","validationStatus","validatedBy","validatedAt","validationNotes",endorsements,"createdAt","updatedAt") VALUES ('f1391fa1-72d2-4bf1-b467-15826898eba4','b763b1fd-84a4-4d39-9531-58d76cf24f3c','Git','TECNICA',3,FALSE,'RECHAZADA',NULL,NULL,NULL,7,'2026-04-10T00:58:37.950Z','2026-04-10T00:58:37.950Z');
INSERT INTO skills (id,"studentId",name,category,level,"isValidated","validationStatus","validatedBy","validatedAt","validationNotes",endorsements,"createdAt","updatedAt") VALUES ('0f64f159-17ba-4116-a3d4-b6363c95cd1b','b763b1fd-84a4-4d39-9531-58d76cf24f3c','REST APIs','TECNICA',2,TRUE,'VALIDADA','a467d55b-ee5d-4943-bb21-005f005960d4','2026-04-10T00:58:37.949Z',NULL,6,'2026-04-10T00:58:37.952Z','2026-04-10T00:58:37.952Z');
INSERT INTO skills (id,"studentId",name,category,level,"isValidated","validationStatus","validatedBy","validatedAt","validationNotes",endorsements,"createdAt","updatedAt") VALUES ('ffcd1670-937e-466d-8176-6dd945069a20','b763b1fd-84a4-4d39-9531-58d76cf24f3c','Certificado AWS Cloud Practitioner','CERTIFICACION',4,FALSE,'RECHAZADA',NULL,NULL,NULL,3,'2026-04-10T00:58:37.954Z','2026-04-10T00:58:37.954Z');
INSERT INTO skills (id,"studentId",name,category,level,"isValidated","validationStatus","validatedBy","validatedAt","validationNotes",endorsements,"createdAt","updatedAt") VALUES ('491f5396-60bf-4cc2-b43c-ada2d2f43c61','b763b1fd-84a4-4d39-9531-58d76cf24f3c','HTML/CSS','TECNICA',3,TRUE,'VALIDADA','a467d55b-ee5d-4943-bb21-005f005960d4','2026-04-10T00:58:37.953Z',NULL,1,'2026-04-10T00:58:37.956Z','2026-04-10T00:58:37.956Z');
INSERT INTO skills (id,"studentId",name,category,level,"isValidated","validationStatus","validatedBy","validatedAt","validationNotes",endorsements,"createdAt","updatedAt") VALUES ('e9a48518-9bd4-467c-923d-56def5b00c03','e028ba4f-f534-4dd0-bfc5-37549315c0e0','Firewall/Seguridad','TECNICA',2,TRUE,'VALIDADA','a467d55b-ee5d-4943-bb21-005f005960d4','2026-04-10T00:58:37.966Z',NULL,4,'2026-04-10T00:58:37.969Z','2026-04-10T00:58:37.969Z');
INSERT INTO skills (id,"studentId",name,category,level,"isValidated","validationStatus","validatedBy","validatedAt","validationNotes",endorsements,"createdAt","updatedAt") VALUES ('f9fd43b9-6695-44ca-a8b6-822dbaae2bd1','e028ba4f-f534-4dd0-bfc5-37549315c0e0','Linux','TECNICA',2,FALSE,'RECHAZADA',NULL,NULL,NULL,7,'2026-04-10T00:58:37.971Z','2026-04-10T00:58:37.971Z');
INSERT INTO skills (id,"studentId",name,category,level,"isValidated","validationStatus","validatedBy","validatedAt","validationNotes",endorsements,"createdAt","updatedAt") VALUES ('350f0ce8-5632-4408-a45e-d0ca5b11b977','e028ba4f-f534-4dd0-bfc5-37549315c0e0','Wi-Fi / 802.11','TECNICA',5,TRUE,'VALIDADA','a467d55b-ee5d-4943-bb21-005f005960d4','2026-04-10T00:58:37.970Z',NULL,8,'2026-04-10T00:58:37.973Z','2026-04-10T00:58:37.973Z');
INSERT INTO skills (id,"studentId",name,category,level,"isValidated","validationStatus","validatedBy","validatedAt","validationNotes",endorsements,"createdAt","updatedAt") VALUES ('3c3b9145-22dd-421f-a7be-2dff1ffb8de0','e028ba4f-f534-4dd0-bfc5-37549315c0e0','TCP/IP','TECNICA',4,TRUE,'VALIDADA','a467d55b-ee5d-4943-bb21-005f005960d4','2026-04-10T00:58:37.971Z',NULL,1,'2026-04-10T00:58:37.975Z','2026-04-10T00:58:37.975Z');
INSERT INTO skills (id,"studentId",name,category,level,"isValidated","validationStatus","validatedBy","validatedAt","validationNotes",endorsements,"createdAt","updatedAt") VALUES ('6c4ab310-ac45-4c2c-90b6-bf462cd328bd','e028ba4f-f534-4dd0-bfc5-37549315c0e0','Pensamiento analítico','BLANDA',5,FALSE,'RECHAZADA',NULL,NULL,NULL,3,'2026-04-10T00:58:37.976Z','2026-04-10T00:58:37.976Z');
INSERT INTO skills (id,"studentId",name,category,level,"isValidated","validationStatus","validatedBy","validatedAt","validationNotes",endorsements,"createdAt","updatedAt") VALUES ('4eaf3bf6-0b62-4611-a9d9-f270a75cc0e9','e028ba4f-f534-4dd0-bfc5-37549315c0e0','Cisco IOS','TECNICA',3,FALSE,'RECHAZADA',NULL,NULL,NULL,1,'2026-04-10T00:58:37.978Z','2026-04-10T00:58:37.978Z');
INSERT INTO skills (id,"studentId",name,category,level,"isValidated","validationStatus","validatedBy","validatedAt","validationNotes",endorsements,"createdAt","updatedAt") VALUES ('17635474-531c-4954-84f8-b50162d22a23','e028ba4f-f534-4dd0-bfc5-37549315c0e0','Trabajo bajo presión','BLANDA',2,FALSE,'PENDIENTE',NULL,NULL,NULL,7,'2026-04-10T00:58:37.980Z','2026-04-10T00:58:37.980Z');
INSERT INTO skills (id,"studentId",name,category,level,"isValidated","validationStatus","validatedBy","validatedAt","validationNotes",endorsements,"createdAt","updatedAt") VALUES ('6632e42a-aa70-4c6c-9bbb-6feabe718d03','e028ba4f-f534-4dd0-bfc5-37549315c0e0','Certificado CCNA','CERTIFICACION',5,FALSE,'PENDIENTE',NULL,NULL,NULL,2,'2026-04-10T00:58:37.982Z','2026-04-10T00:58:37.982Z');
INSERT INTO skills (id,"studentId",name,category,level,"isValidated","validationStatus","validatedBy","validatedAt","validationNotes",endorsements,"createdAt","updatedAt") VALUES ('74809018-8e2d-4fd0-aaea-4b06c2046980','e028ba4f-f534-4dd0-bfc5-37549315c0e0','VLANs','TECNICA',3,TRUE,'VALIDADA','a467d55b-ee5d-4943-bb21-005f005960d4','2026-04-10T00:58:37.981Z',NULL,3,'2026-04-10T00:58:37.984Z','2026-04-10T00:58:37.984Z');
INSERT INTO skills (id,"studentId",name,category,level,"isValidated","validationStatus","validatedBy","validatedAt","validationNotes",endorsements,"createdAt","updatedAt") VALUES ('0d617996-2ff8-4108-b77f-2d19e46c9f36','42d2bb61-8446-42ae-b8c0-120e98fbba0a','Normativa SEC','TECNICA',5,FALSE,'RECHAZADA',NULL,NULL,NULL,4,'2026-04-10T00:58:37.995Z','2026-04-10T00:58:37.995Z');
INSERT INTO skills (id,"studentId",name,category,level,"isValidated","validationStatus","validatedBy","validatedAt","validationNotes",endorsements,"createdAt","updatedAt") VALUES ('0de34712-0f4a-447f-9e0a-df2f7b2919b1','42d2bb61-8446-42ae-b8c0-120e98fbba0a','Trabajo en equipo','BLANDA',3,TRUE,'VALIDADA','a467d55b-ee5d-4943-bb21-005f005960d4','2026-04-10T00:58:37.994Z',NULL,1,'2026-04-10T00:58:37.997Z','2026-04-10T00:58:37.997Z');
INSERT INTO skills (id,"studentId",name,category,level,"isValidated","validationStatus","validatedBy","validatedAt","validationNotes",endorsements,"createdAt","updatedAt") VALUES ('6fde4f7a-c658-46cd-8bcc-24f766d788c6','42d2bb61-8446-42ae-b8c0-120e98fbba0a','Lectura de planos','TECNICA',5,TRUE,'VALIDADA','a467d55b-ee5d-4943-bb21-005f005960d4','2026-04-10T00:58:37.996Z',NULL,0,'2026-04-10T00:58:37.999Z','2026-04-10T00:58:37.999Z');
INSERT INTO skills (id,"studentId",name,category,level,"isValidated","validationStatus","validatedBy","validatedAt","validationNotes",endorsements,"createdAt","updatedAt") VALUES ('69eef2ba-789b-4d84-9324-584266fbc3d5','42d2bb61-8446-42ae-b8c0-120e98fbba0a','Automatización PLC','TECNICA',5,TRUE,'VALIDADA','a467d55b-ee5d-4943-bb21-005f005960d4','2026-04-10T00:58:37.998Z',NULL,5,'2026-04-10T00:58:38.001Z','2026-04-10T00:58:38.001Z');
INSERT INTO skills (id,"studentId",name,category,level,"isValidated","validationStatus","validatedBy","validatedAt","validationNotes",endorsements,"createdAt","updatedAt") VALUES ('e2f48d47-5fab-44e6-aa3f-8ec4849cb2aa','42d2bb61-8446-42ae-b8c0-120e98fbba0a','Energía solar FV','TECNICA',4,TRUE,'VALIDADA','a467d55b-ee5d-4943-bb21-005f005960d4','2026-04-10T00:58:38.000Z',NULL,5,'2026-04-10T00:58:38.003Z','2026-04-10T00:58:38.003Z');
INSERT INTO skills (id,"studentId",name,category,level,"isValidated","validationStatus","validatedBy","validatedAt","validationNotes",endorsements,"createdAt","updatedAt") VALUES ('aa5999e2-70a6-4064-aa28-16d4a68d5a79','42d2bb61-8446-42ae-b8c0-120e98fbba0a','Instalaciones eléctricas','TECNICA',4,TRUE,'VALIDADA','a467d55b-ee5d-4943-bb21-005f005960d4','2026-04-10T00:58:38.002Z',NULL,2,'2026-04-10T00:58:38.005Z','2026-04-10T00:58:38.005Z');
INSERT INTO skills (id,"studentId",name,category,level,"isValidated","validationStatus","validatedBy","validatedAt","validationNotes",endorsements,"createdAt","updatedAt") VALUES ('6999ec3f-b1c3-45af-9f02-6a3ef10b4f66','b0620242-8137-4ec6-8385-e12241641791','Atención al cliente','BLANDA',3,FALSE,'RECHAZADA',NULL,NULL,NULL,2,'2026-04-10T00:58:38.013Z','2026-04-10T00:58:38.013Z');
INSERT INTO skills (id,"studentId",name,category,level,"isValidated","validationStatus","validatedBy","validatedAt","validationNotes",endorsements,"createdAt","updatedAt") VALUES ('84e002f7-dd53-4b25-8ff1-5796a2783d28','b0620242-8137-4ec6-8385-e12241641791','Transmisión automática','TECNICA',5,TRUE,'VALIDADA','a467d55b-ee5d-4943-bb21-005f005960d4','2026-04-10T00:58:38.012Z',NULL,1,'2026-04-10T00:58:38.015Z','2026-04-10T00:58:38.015Z');
INSERT INTO skills (id,"studentId",name,category,level,"isValidated","validationStatus","validatedBy","validatedAt","validationNotes",endorsements,"createdAt","updatedAt") VALUES ('0d6ee960-2b54-4c08-be8b-1f475011be06','b0620242-8137-4ec6-8385-e12241641791','Sistemas de frenos','TECNICA',5,FALSE,'RECHAZADA',NULL,NULL,NULL,7,'2026-04-10T00:58:38.018Z','2026-04-10T00:58:38.018Z');
INSERT INTO skills (id,"studentId",name,category,level,"isValidated","validationStatus","validatedBy","validatedAt","validationNotes",endorsements,"createdAt","updatedAt") VALUES ('73fbd451-fa8f-4ec5-8e06-7fd110010a54','b0620242-8137-4ec6-8385-e12241641791','Vehículos híbridos','TECNICA',5,TRUE,'VALIDADA','a467d55b-ee5d-4943-bb21-005f005960d4','2026-04-10T00:58:38.016Z',NULL,5,'2026-04-10T00:58:38.019Z','2026-04-10T00:58:38.019Z');
INSERT INTO skills (id,"studentId",name,category,level,"isValidated","validationStatus","validatedBy","validatedAt","validationNotes",endorsements,"createdAt","updatedAt") VALUES ('6227e399-6980-4b74-9b36-0074b8155551','b0620242-8137-4ec6-8385-e12241641791','Proactividad','BLANDA',3,TRUE,'VALIDADA','a467d55b-ee5d-4943-bb21-005f005960d4','2026-04-10T00:58:38.018Z',NULL,6,'2026-04-10T00:58:38.021Z','2026-04-10T00:58:38.021Z');
INSERT INTO skills (id,"studentId",name,category,level,"isValidated","validationStatus","validatedBy","validatedAt","validationNotes",endorsements,"createdAt","updatedAt") VALUES ('a6a1f455-c4e0-4627-ad02-05dca4d0be63','34b277c4-aab6-49cc-aa04-a9a92e4fd4ef','Recursos Humanos','TECNICA',2,FALSE,'PENDIENTE',NULL,NULL,NULL,4,'2026-04-10T00:58:38.031Z','2026-04-10T00:58:38.031Z');
INSERT INTO skills (id,"studentId",name,category,level,"isValidated","validationStatus","validatedBy","validatedAt","validationNotes",endorsements,"createdAt","updatedAt") VALUES ('2964818e-147d-4138-b52a-ca5f2be14bc4','34b277c4-aab6-49cc-aa04-a9a92e4fd4ef','Marketing digital','TECNICA',3,FALSE,'RECHAZADA',NULL,NULL,NULL,5,'2026-04-10T00:58:38.033Z','2026-04-10T00:58:38.033Z');
INSERT INTO skills (id,"studentId",name,category,level,"isValidated","validationStatus","validatedBy","validatedAt","validationNotes",endorsements,"createdAt","updatedAt") VALUES ('3a2c16a6-f1f5-4029-9e48-4f196dfe0a03','34b277c4-aab6-49cc-aa04-a9a92e4fd4ef','Comunicación efectiva','BLANDA',2,TRUE,'VALIDADA','a467d55b-ee5d-4943-bb21-005f005960d4','2026-04-10T00:58:38.032Z',NULL,7,'2026-04-10T00:58:38.035Z','2026-04-10T00:58:38.035Z');
INSERT INTO skills (id,"studentId",name,category,level,"isValidated","validationStatus","validatedBy","validatedAt","validationNotes",endorsements,"createdAt","updatedAt") VALUES ('85b812ce-84c1-4c08-b9d5-16421f4dfdf4','34b277c4-aab6-49cc-aa04-a9a92e4fd4ef','Gestión de inventario','TECNICA',3,FALSE,'PENDIENTE',NULL,NULL,NULL,4,'2026-04-10T00:58:38.036Z','2026-04-10T00:58:38.036Z');
INSERT INTO skills (id,"studentId",name,category,level,"isValidated","validationStatus","validatedBy","validatedAt","validationNotes",endorsements,"createdAt","updatedAt") VALUES ('33992adc-a462-493f-8ad4-d2421d7c47b5','34b277c4-aab6-49cc-aa04-a9a92e4fd4ef','SAP básico','TECNICA',3,TRUE,'VALIDADA','a467d55b-ee5d-4943-bb21-005f005960d4','2026-04-10T00:58:38.035Z',NULL,0,'2026-04-10T00:58:38.038Z','2026-04-10T00:58:38.038Z');
INSERT INTO skills (id,"studentId",name,category,level,"isValidated","validationStatus","validatedBy","validatedAt","validationNotes",endorsements,"createdAt","updatedAt") VALUES ('b8fa8170-d465-4a3a-a6bc-f278ef968740','34b277c4-aab6-49cc-aa04-a9a92e4fd4ef','Gestión del tiempo','BLANDA',5,FALSE,'PENDIENTE',NULL,NULL,NULL,7,'2026-04-10T00:58:38.040Z','2026-04-10T00:58:38.040Z');
INSERT INTO skills (id,"studentId",name,category,level,"isValidated","validationStatus","validatedBy","validatedAt","validationNotes",endorsements,"createdAt","updatedAt") VALUES ('35911684-be84-4470-a89d-d6703d916ba3','4dc3c9d1-9907-488f-acbb-c9bb7c6e11be','Trabajo bajo presión','BLANDA',2,TRUE,'VALIDADA','a467d55b-ee5d-4943-bb21-005f005960d4','2026-04-10T00:58:38.044Z',NULL,1,'2026-04-10T00:58:38.047Z','2026-04-10T00:58:38.047Z');
INSERT INTO skills (id,"studentId",name,category,level,"isValidated","validationStatus","validatedBy","validatedAt","validationNotes",endorsements,"createdAt","updatedAt") VALUES ('999100e2-92f4-496b-910d-50aa8ea31cd2','4dc3c9d1-9907-488f-acbb-c9bb7c6e11be','Atención al detalle','BLANDA',3,FALSE,'RECHAZADA',NULL,NULL,NULL,5,'2026-04-10T00:58:38.049Z','2026-04-10T00:58:38.049Z');
INSERT INTO skills (id,"studentId",name,category,level,"isValidated","validationStatus","validatedBy","validatedAt","validationNotes",endorsements,"createdAt","updatedAt") VALUES ('ad4a057e-a334-463c-9d98-bf73be2562a5','4dc3c9d1-9907-488f-acbb-c9bb7c6e11be','Cocina chilena','TECNICA',5,FALSE,'RECHAZADA',NULL,NULL,NULL,6,'2026-04-10T00:58:38.051Z','2026-04-10T00:58:38.051Z');
INSERT INTO skills (id,"studentId",name,category,level,"isValidated","validationStatus","validatedBy","validatedAt","validationNotes",endorsements,"createdAt","updatedAt") VALUES ('868eafc2-e315-41bb-a893-67d6cec1b5f2','4dc3c9d1-9907-488f-acbb-c9bb7c6e11be','Pastelería y repostería','TECNICA',3,FALSE,'PENDIENTE',NULL,NULL,NULL,5,'2026-04-10T00:58:38.053Z','2026-04-10T00:58:38.053Z');
INSERT INTO skills (id,"studentId",name,category,level,"isValidated","validationStatus","validatedBy","validatedAt","validationNotes",endorsements,"createdAt","updatedAt") VALUES ('23d06c9f-f6ba-4bba-bf4c-8b8a44121054','4dc3c9d1-9907-488f-acbb-c9bb7c6e11be','Cocina de autor','TECNICA',5,TRUE,'VALIDADA','a467d55b-ee5d-4943-bb21-005f005960d4','2026-04-10T00:58:38.051Z',NULL,8,'2026-04-10T00:58:38.054Z','2026-04-10T00:58:38.054Z');
INSERT INTO skills (id,"studentId",name,category,level,"isValidated","validationStatus","validatedBy","validatedAt","validationNotes",endorsements,"createdAt","updatedAt") VALUES ('ad56fdff-03b3-4247-bdc9-0d6f5a714928','4dc3c9d1-9907-488f-acbb-c9bb7c6e11be','Manipulación de alimentos','CERTIFICACION',3,FALSE,'PENDIENTE',NULL,NULL,NULL,0,'2026-04-10T00:58:38.056Z','2026-04-10T00:58:38.056Z');
INSERT INTO skills (id,"studentId",name,category,level,"isValidated","validationStatus","validatedBy","validatedAt","validationNotes",endorsements,"createdAt","updatedAt") VALUES ('b043e1ae-42c0-4832-8870-a09d68bc0baa','5192b675-29c5-4e74-9da3-b79fe401b062','Pensamiento analítico','BLANDA',4,TRUE,'VALIDADA','a467d55b-ee5d-4943-bb21-005f005960d4','2026-04-10T00:58:38.063Z',NULL,4,'2026-04-10T00:58:38.066Z','2026-04-10T00:58:38.066Z');
INSERT INTO skills (id,"studentId",name,category,level,"isValidated","validationStatus","validatedBy","validatedAt","validationNotes",endorsements,"createdAt","updatedAt") VALUES ('f0e37b4a-a1d0-44c0-b1da-5721ac944e9f','5192b675-29c5-4e74-9da3-b79fe401b062','Finanzas corporativas','TECNICA',3,TRUE,'VALIDADA','a467d55b-ee5d-4943-bb21-005f005960d4','2026-04-10T00:58:38.065Z',NULL,6,'2026-04-10T00:58:38.068Z','2026-04-10T00:58:38.068Z');
INSERT INTO skills (id,"studentId",name,category,level,"isValidated","validationStatus","validatedBy","validatedAt","validationNotes",endorsements,"createdAt","updatedAt") VALUES ('01485ddb-c820-4c2b-86e2-c0797f83e7ba','5192b675-29c5-4e74-9da3-b79fe401b062','Responsabilidad','BLANDA',3,FALSE,'RECHAZADA',NULL,NULL,NULL,1,'2026-04-10T00:58:38.069Z','2026-04-10T00:58:38.069Z');
INSERT INTO skills (id,"studentId",name,category,level,"isValidated","validationStatus","validatedBy","validatedAt","validationNotes",endorsements,"createdAt","updatedAt") VALUES ('7ba5ad52-d0d3-4e09-9543-b3924b5acac7','5192b675-29c5-4e74-9da3-b79fe401b062','Auditoría','TECNICA',2,FALSE,'PENDIENTE',NULL,NULL,NULL,8,'2026-04-10T00:58:38.071Z','2026-04-10T00:58:38.071Z');
INSERT INTO skills (id,"studentId",name,category,level,"isValidated","validationStatus","validatedBy","validatedAt","validationNotes",endorsements,"createdAt","updatedAt") VALUES ('8996a86f-b82b-4daa-87ed-5c9d0467eb66','5192b675-29c5-4e74-9da3-b79fe401b062','Excel avanzado','TECNICA',2,FALSE,'RECHAZADA',NULL,NULL,NULL,4,'2026-04-10T00:58:38.073Z','2026-04-10T00:58:38.073Z');
INSERT INTO skills (id,"studentId",name,category,level,"isValidated","validationStatus","validatedBy","validatedAt","validationNotes",endorsements,"createdAt","updatedAt") VALUES ('badb7699-a289-458e-9aeb-aecc12975799','5192b675-29c5-4e74-9da3-b79fe401b062','Tributación SII','TECNICA',5,TRUE,'VALIDADA','a467d55b-ee5d-4943-bb21-005f005960d4','2026-04-10T00:58:38.071Z',NULL,5,'2026-04-10T00:58:38.074Z','2026-04-10T00:58:38.074Z');
INSERT INTO skills (id,"studentId",name,category,level,"isValidated","validationStatus","validatedBy","validatedAt","validationNotes",endorsements,"createdAt","updatedAt") VALUES ('e07989e6-2369-4882-9bc5-bcd63662d69b','5192b675-29c5-4e74-9da3-b79fe401b062','Certificado SII','CERTIFICACION',2,TRUE,'VALIDADA','a467d55b-ee5d-4943-bb21-005f005960d4','2026-04-10T00:58:38.073Z',NULL,2,'2026-04-10T00:58:38.076Z','2026-04-10T00:58:38.076Z');
INSERT INTO skills (id,"studentId",name,category,level,"isValidated","validationStatus","validatedBy","validatedAt","validationNotes",endorsements,"createdAt","updatedAt") VALUES ('c3e3e5cb-9eda-4a09-8b92-55c79a56954e','5192b675-29c5-4e74-9da3-b79fe401b062','Software ERP (Softland)','TECNICA',2,TRUE,'VALIDADA','a467d55b-ee5d-4943-bb21-005f005960d4','2026-04-10T00:58:38.074Z',NULL,1,'2026-04-10T00:58:38.078Z','2026-04-10T00:58:38.078Z');
INSERT INTO skills (id,"studentId",name,category,level,"isValidated","validationStatus","validatedBy","validatedAt","validationNotes",endorsements,"createdAt","updatedAt") VALUES ('b1455e61-e759-4297-981e-4e70d94c2c98','12334bd1-4706-43e5-92ca-0354d5880d7e','Git','TECNICA',4,TRUE,'VALIDADA','a467d55b-ee5d-4943-bb21-005f005960d4','2026-04-10T00:58:38.086Z',NULL,5,'2026-04-10T00:58:38.089Z','2026-04-10T00:58:38.089Z');
INSERT INTO skills (id,"studentId",name,category,level,"isValidated","validationStatus","validatedBy","validatedAt","validationNotes",endorsements,"createdAt","updatedAt") VALUES ('a45e53f3-be7d-4108-9280-d59b63df4d92','12334bd1-4706-43e5-92ca-0354d5880d7e','JavaScript','TECNICA',3,FALSE,'RECHAZADA',NULL,NULL,NULL,5,'2026-04-10T00:58:38.091Z','2026-04-10T00:58:38.091Z');
INSERT INTO skills (id,"studentId",name,category,level,"isValidated","validationStatus","validatedBy","validatedAt","validationNotes",endorsements,"createdAt","updatedAt") VALUES ('cdbd60d6-32e2-4d65-9810-9000143cbffd','12334bd1-4706-43e5-92ca-0354d5880d7e','TypeScript','TECNICA',5,TRUE,'VALIDADA','a467d55b-ee5d-4943-bb21-005f005960d4','2026-04-10T00:58:38.090Z',NULL,0,'2026-04-10T00:58:38.093Z','2026-04-10T00:58:38.093Z');
INSERT INTO skills (id,"studentId",name,category,level,"isValidated","validationStatus","validatedBy","validatedAt","validationNotes",endorsements,"createdAt","updatedAt") VALUES ('36427dd2-5d37-49b5-a681-280e38acc540','12334bd1-4706-43e5-92ca-0354d5880d7e','Resolución de problemas','BLANDA',5,FALSE,'PENDIENTE',NULL,NULL,NULL,0,'2026-04-10T00:58:38.095Z','2026-04-10T00:58:38.095Z');
INSERT INTO skills (id,"studentId",name,category,level,"isValidated","validationStatus","validatedBy","validatedAt","validationNotes",endorsements,"createdAt","updatedAt") VALUES ('bfcf8736-f2a9-4013-822f-58305c21ade2','12334bd1-4706-43e5-92ca-0354d5880d7e','Trabajo en equipo','BLANDA',2,TRUE,'VALIDADA','a467d55b-ee5d-4943-bb21-005f005960d4','2026-04-10T00:58:38.093Z',NULL,2,'2026-04-10T00:58:38.096Z','2026-04-10T00:58:38.096Z');
INSERT INTO skills (id,"studentId",name,category,level,"isValidated","validationStatus","validatedBy","validatedAt","validationNotes",endorsements,"createdAt","updatedAt") VALUES ('dcc9b320-1ae4-4c04-8072-368d748b4010','12334bd1-4706-43e5-92ca-0354d5880d7e','HTML/CSS','TECNICA',3,TRUE,'VALIDADA','a467d55b-ee5d-4943-bb21-005f005960d4','2026-04-10T00:58:38.095Z',NULL,1,'2026-04-10T00:58:38.098Z','2026-04-10T00:58:38.098Z');
INSERT INTO skills (id,"studentId",name,category,level,"isValidated","validationStatus","validatedBy","validatedAt","validationNotes",endorsements,"createdAt","updatedAt") VALUES ('015be430-d2ab-4faf-a53a-17ca9b20e7d5','12334bd1-4706-43e5-92ca-0354d5880d7e','Python','TECNICA',3,TRUE,'VALIDADA','a467d55b-ee5d-4943-bb21-005f005960d4','2026-04-10T00:58:38.097Z',NULL,4,'2026-04-10T00:58:38.100Z','2026-04-10T00:58:38.100Z');
INSERT INTO skills (id,"studentId",name,category,level,"isValidated","validationStatus","validatedBy","validatedAt","validationNotes",endorsements,"createdAt","updatedAt") VALUES ('9653bc60-8dcb-4852-8e00-869865863054','12334bd1-4706-43e5-92ca-0354d5880d7e','React','TECNICA',3,FALSE,'RECHAZADA',NULL,NULL,NULL,7,'2026-04-10T00:58:38.101Z','2026-04-10T00:58:38.101Z');
INSERT INTO skills (id,"studentId",name,category,level,"isValidated","validationStatus","validatedBy","validatedAt","validationNotes",endorsements,"createdAt","updatedAt") VALUES ('144001cf-99a8-40aa-b862-5f510f2b1117','d4a5f308-ad45-4750-80dc-8e9fee7af8ad','Wi-Fi / 802.11','TECNICA',2,TRUE,'VALIDADA','a467d55b-ee5d-4943-bb21-005f005960d4','2026-04-10T00:58:38.111Z',NULL,2,'2026-04-10T00:58:38.114Z','2026-04-10T00:58:38.114Z');
INSERT INTO skills (id,"studentId",name,category,level,"isValidated","validationStatus","validatedBy","validatedAt","validationNotes",endorsements,"createdAt","updatedAt") VALUES ('96f18ef6-8473-4c4f-b7d3-aa23c661e852','d4a5f308-ad45-4750-80dc-8e9fee7af8ad','Pensamiento analítico','BLANDA',3,TRUE,'VALIDADA','a467d55b-ee5d-4943-bb21-005f005960d4','2026-04-10T00:58:38.113Z',NULL,6,'2026-04-10T00:58:38.116Z','2026-04-10T00:58:38.116Z');
INSERT INTO skills (id,"studentId",name,category,level,"isValidated","validationStatus","validatedBy","validatedAt","validationNotes",endorsements,"createdAt","updatedAt") VALUES ('a3e97d33-b0e2-4c2f-ba23-3bd37935ab9c','d4a5f308-ad45-4750-80dc-8e9fee7af8ad','Cisco IOS','TECNICA',3,TRUE,'VALIDADA','a467d55b-ee5d-4943-bb21-005f005960d4','2026-04-10T00:58:38.115Z',NULL,5,'2026-04-10T00:58:38.118Z','2026-04-10T00:58:38.118Z');
INSERT INTO skills (id,"studentId",name,category,level,"isValidated","validationStatus","validatedBy","validatedAt","validationNotes",endorsements,"createdAt","updatedAt") VALUES ('2d8e5e96-6663-4a14-a736-ef525de797b3','d4a5f308-ad45-4750-80dc-8e9fee7af8ad','Trabajo bajo presión','BLANDA',5,TRUE,'VALIDADA','a467d55b-ee5d-4943-bb21-005f005960d4','2026-04-10T00:58:38.116Z',NULL,8,'2026-04-10T00:58:38.119Z','2026-04-10T00:58:38.119Z');
INSERT INTO skills (id,"studentId",name,category,level,"isValidated","validationStatus","validatedBy","validatedAt","validationNotes",endorsements,"createdAt","updatedAt") VALUES ('083e7831-ce18-4bd9-b95b-600ccdfcd5b9','d4a5f308-ad45-4750-80dc-8e9fee7af8ad','TCP/IP','TECNICA',5,TRUE,'VALIDADA','a467d55b-ee5d-4943-bb21-005f005960d4','2026-04-10T00:58:38.118Z',NULL,5,'2026-04-10T00:58:38.121Z','2026-04-10T00:58:38.121Z');
INSERT INTO skills (id,"studentId",name,category,level,"isValidated","validationStatus","validatedBy","validatedAt","validationNotes",endorsements,"createdAt","updatedAt") VALUES ('f7566667-8478-42c2-8d37-2c3b3d6c3508','d4a5f308-ad45-4750-80dc-8e9fee7af8ad','Cableado estructurado','TECNICA',3,TRUE,'VALIDADA','a467d55b-ee5d-4943-bb21-005f005960d4','2026-04-10T00:58:38.119Z',NULL,2,'2026-04-10T00:58:38.122Z','2026-04-10T00:58:38.122Z');
INSERT INTO skills (id,"studentId",name,category,level,"isValidated","validationStatus","validatedBy","validatedAt","validationNotes",endorsements,"createdAt","updatedAt") VALUES ('fbd11852-43fb-46d0-acfa-9421c87af9c0','6999449e-2625-4658-9230-f94374e6cef5','Trabajo en equipo','BLANDA',5,TRUE,'VALIDADA','a467d55b-ee5d-4943-bb21-005f005960d4','2026-04-10T00:58:38.129Z',NULL,4,'2026-04-10T00:58:38.132Z','2026-04-10T00:58:38.132Z');
INSERT INTO skills (id,"studentId",name,category,level,"isValidated","validationStatus","validatedBy","validatedAt","validationNotes",endorsements,"createdAt","updatedAt") VALUES ('e2cafca3-272d-4219-a981-ee532ac461d9','6999449e-2625-4658-9230-f94374e6cef5','Automatización PLC','TECNICA',5,TRUE,'VALIDADA','a467d55b-ee5d-4943-bb21-005f005960d4','2026-04-10T00:58:38.131Z',NULL,0,'2026-04-10T00:58:38.134Z','2026-04-10T00:58:38.134Z');
INSERT INTO skills (id,"studentId",name,category,level,"isValidated","validationStatus","validatedBy","validatedAt","validationNotes",endorsements,"createdAt","updatedAt") VALUES ('59f458b6-f1e9-4ed3-b60e-c99d047cf896','6999449e-2625-4658-9230-f94374e6cef5','Instalaciones eléctricas','TECNICA',3,FALSE,'PENDIENTE',NULL,NULL,NULL,8,'2026-04-10T00:58:38.135Z','2026-04-10T00:58:38.135Z');
INSERT INTO skills (id,"studentId",name,category,level,"isValidated","validationStatus","validatedBy","validatedAt","validationNotes",endorsements,"createdAt","updatedAt") VALUES ('77bda07d-d816-45bd-b7c9-0ebba34cf22d','6999449e-2625-4658-9230-f94374e6cef5','Energía solar FV','TECNICA',4,FALSE,'PENDIENTE',NULL,NULL,NULL,6,'2026-04-10T00:58:38.137Z','2026-04-10T00:58:38.137Z');
INSERT INTO skills (id,"studentId",name,category,level,"isValidated","validationStatus","validatedBy","validatedAt","validationNotes",endorsements,"createdAt","updatedAt") VALUES ('ef9bbcbf-57bf-4696-9029-938d1826e031','6999449e-2625-4658-9230-f94374e6cef5','Lectura de planos','TECNICA',3,TRUE,'VALIDADA','a467d55b-ee5d-4943-bb21-005f005960d4','2026-04-10T00:58:38.136Z',NULL,5,'2026-04-10T00:58:38.139Z','2026-04-10T00:58:38.139Z');
INSERT INTO skills (id,"studentId",name,category,level,"isValidated","validationStatus","validatedBy","validatedAt","validationNotes",endorsements,"createdAt","updatedAt") VALUES ('893d1505-d7d3-4964-a1d9-4006d64c69df','6999449e-2625-4658-9230-f94374e6cef5','Tableros eléctricos','TECNICA',3,FALSE,'PENDIENTE',NULL,NULL,NULL,2,'2026-04-10T00:58:38.140Z','2026-04-10T00:58:38.140Z');
INSERT INTO skills (id,"studentId",name,category,level,"isValidated","validationStatus","validatedBy","validatedAt","validationNotes",endorsements,"createdAt","updatedAt") VALUES ('87d852c1-d069-4bae-8b37-3fa9639d2f31','6999449e-2625-4658-9230-f94374e6cef5','Licencia SEC Clase B','CERTIFICACION',2,TRUE,'VALIDADA','a467d55b-ee5d-4943-bb21-005f005960d4','2026-04-10T00:58:38.139Z',NULL,1,'2026-04-10T00:58:38.142Z','2026-04-10T00:58:38.142Z');
INSERT INTO skills (id,"studentId",name,category,level,"isValidated","validationStatus","validatedBy","validatedAt","validationNotes",endorsements,"createdAt","updatedAt") VALUES ('93f9b67b-bb17-4b22-ba39-1d7a9bb5e952','6999449e-2625-4658-9230-f94374e6cef5','Responsabilidad','BLANDA',3,TRUE,'VALIDADA','a467d55b-ee5d-4943-bb21-005f005960d4','2026-04-10T00:58:38.141Z',NULL,1,'2026-04-10T00:58:38.144Z','2026-04-10T00:58:38.144Z');
INSERT INTO skills (id,"studentId",name,category,level,"isValidated","validationStatus","validatedBy","validatedAt","validationNotes",endorsements,"createdAt","updatedAt") VALUES ('44989b27-04ec-42d2-90fd-ed2243643f8f','8802f763-9b36-4578-b5d4-e3a3ca40db60','Proactividad','BLANDA',3,TRUE,'VALIDADA','a467d55b-ee5d-4943-bb21-005f005960d4','2026-04-10T00:58:38.149Z',NULL,7,'2026-04-10T00:58:38.152Z','2026-04-10T00:58:38.152Z');
INSERT INTO skills (id,"studentId",name,category,level,"isValidated","validationStatus","validatedBy","validatedAt","validationNotes",endorsements,"createdAt","updatedAt") VALUES ('1673cc90-6517-4240-ad7c-56bc797e0b65','8802f763-9b36-4578-b5d4-e3a3ca40db60','Soldadura MIG','TECNICA',3,TRUE,'VALIDADA','a467d55b-ee5d-4943-bb21-005f005960d4','2026-04-10T00:58:38.151Z',NULL,3,'2026-04-10T00:58:38.154Z','2026-04-10T00:58:38.154Z');
INSERT INTO skills (id,"studentId",name,category,level,"isValidated","validationStatus","validatedBy","validatedAt","validationNotes",endorsements,"createdAt","updatedAt") VALUES ('9574bf82-f2a3-4a03-a6fa-3c26455eca9e','8802f763-9b36-4578-b5d4-e3a3ca40db60','Atención al cliente','BLANDA',5,FALSE,'RECHAZADA',NULL,NULL,NULL,5,'2026-04-10T00:58:38.155Z','2026-04-10T00:58:38.155Z');
INSERT INTO skills (id,"studentId",name,category,level,"isValidated","validationStatus","validatedBy","validatedAt","validationNotes",endorsements,"createdAt","updatedAt") VALUES ('784cf002-e79e-4b75-80fd-28002dc47fb5','8802f763-9b36-4578-b5d4-e3a3ca40db60','Vehículos híbridos','TECNICA',4,TRUE,'VALIDADA','a467d55b-ee5d-4943-bb21-005f005960d4','2026-04-10T00:58:38.154Z',NULL,5,'2026-04-10T00:58:38.157Z','2026-04-10T00:58:38.157Z');
INSERT INTO skills (id,"studentId",name,category,level,"isValidated","validationStatus","validatedBy","validatedAt","validationNotes",endorsements,"createdAt","updatedAt") VALUES ('6e6613cd-f5a8-4fc1-92dd-cabe8eb9cb51','8802f763-9b36-4578-b5d4-e3a3ca40db60','Transmisión automática','TECNICA',2,TRUE,'VALIDADA','a467d55b-ee5d-4943-bb21-005f005960d4','2026-04-10T00:58:38.156Z',NULL,5,'2026-04-10T00:58:38.159Z','2026-04-10T00:58:38.159Z');
INSERT INTO skills (id,"studentId",name,category,level,"isValidated","validationStatus","validatedBy","validatedAt","validationNotes",endorsements,"createdAt","updatedAt") VALUES ('4753dcb1-b83c-4863-ba14-3cf7d0305163','8802f763-9b36-4578-b5d4-e3a3ca40db60','Sistemas de frenos','TECNICA',3,TRUE,'VALIDADA','a467d55b-ee5d-4943-bb21-005f005960d4','2026-04-10T00:58:38.158Z',NULL,5,'2026-04-10T00:58:38.161Z','2026-04-10T00:58:38.161Z');
INSERT INTO skills (id,"studentId",name,category,level,"isValidated","validationStatus","validatedBy","validatedAt","validationNotes",endorsements,"createdAt","updatedAt") VALUES ('0069f258-2c04-43fb-974c-19b0227d0c0e','8802f763-9b36-4578-b5d4-e3a3ca40db60','Motor a explosión','TECNICA',3,FALSE,'RECHAZADA',NULL,NULL,NULL,3,'2026-04-10T00:58:38.163Z','2026-04-10T00:58:38.163Z');
INSERT INTO skills (id,"studentId",name,category,level,"isValidated","validationStatus","validatedBy","validatedAt","validationNotes",endorsements,"createdAt","updatedAt") VALUES ('2de36216-d0ec-43ac-92e4-9129d7add739','8802f763-9b36-4578-b5d4-e3a3ca40db60','Diagnóstico OBD2','TECNICA',5,FALSE,'PENDIENTE',NULL,NULL,NULL,6,'2026-04-10T00:58:38.164Z','2026-04-10T00:58:38.164Z');
INSERT INTO skills (id,"studentId",name,category,level,"isValidated","validationStatus","validatedBy","validatedAt","validationNotes",endorsements,"createdAt","updatedAt") VALUES ('a001b4c1-c712-42fe-a623-993e07d995e9','5ddc23c0-361a-4dcc-8b71-c9081cdf641d','Certificado Google Analytics','CERTIFICACION',2,TRUE,'VALIDADA','a467d55b-ee5d-4943-bb21-005f005960d4','2026-04-10T00:58:38.170Z',NULL,4,'2026-04-10T00:58:38.173Z','2026-04-10T00:58:38.173Z');
INSERT INTO skills (id,"studentId",name,category,level,"isValidated","validationStatus","validatedBy","validatedAt","validationNotes",endorsements,"createdAt","updatedAt") VALUES ('3b6f47e9-dd1e-44d7-9630-fb7f0c3fca97','5ddc23c0-361a-4dcc-8b71-c9081cdf641d','Marketing digital','TECNICA',4,TRUE,'VALIDADA','a467d55b-ee5d-4943-bb21-005f005960d4','2026-04-10T00:58:38.172Z',NULL,0,'2026-04-10T00:58:38.175Z','2026-04-10T00:58:38.175Z');
INSERT INTO skills (id,"studentId",name,category,level,"isValidated","validationStatus","validatedBy","validatedAt","validationNotes",endorsements,"createdAt","updatedAt") VALUES ('22989020-6a7b-409a-8e70-1b317a7af0f8','5ddc23c0-361a-4dcc-8b71-c9081cdf641d','SAP básico','TECNICA',5,TRUE,'VALIDADA','a467d55b-ee5d-4943-bb21-005f005960d4','2026-04-10T00:58:38.175Z',NULL,5,'2026-04-10T00:58:38.178Z','2026-04-10T00:58:38.178Z');
INSERT INTO skills (id,"studentId",name,category,level,"isValidated","validationStatus","validatedBy","validatedAt","validationNotes",endorsements,"createdAt","updatedAt") VALUES ('37148ebf-ce66-46d5-b2ca-c15e19bab2b9','5ddc23c0-361a-4dcc-8b71-c9081cdf641d','Recursos Humanos','TECNICA',5,TRUE,'VALIDADA','a467d55b-ee5d-4943-bb21-005f005960d4','2026-04-10T00:58:38.177Z',NULL,2,'2026-04-10T00:58:38.180Z','2026-04-10T00:58:38.180Z');
INSERT INTO skills (id,"studentId",name,category,level,"isValidated","validationStatus","validatedBy","validatedAt","validationNotes",endorsements,"createdAt","updatedAt") VALUES ('7a83de0d-f470-4853-bfbf-48e7487c653c','5ddc23c0-361a-4dcc-8b71-c9081cdf641d','Gestión de inventario','TECNICA',4,TRUE,'VALIDADA','a467d55b-ee5d-4943-bb21-005f005960d4','2026-04-10T00:58:38.179Z',NULL,6,'2026-04-10T00:58:38.182Z','2026-04-10T00:58:38.182Z');
INSERT INTO skills (id,"studentId",name,category,level,"isValidated","validationStatus","validatedBy","validatedAt","validationNotes",endorsements,"createdAt","updatedAt") VALUES ('d85c4efd-e8b1-418d-8b8c-0d15217da1e6','5ddc23c0-361a-4dcc-8b71-c9081cdf641d','Comunicación efectiva','BLANDA',3,TRUE,'VALIDADA','a467d55b-ee5d-4943-bb21-005f005960d4','2026-04-10T00:58:38.180Z',NULL,7,'2026-04-10T00:58:38.184Z','2026-04-10T00:58:38.184Z');
INSERT INTO skills (id,"studentId",name,category,level,"isValidated","validationStatus","validatedBy","validatedAt","validationNotes",endorsements,"createdAt","updatedAt") VALUES ('3f1a68ac-c9c8-4bb7-be9a-1f06672a3479','5ddc23c0-361a-4dcc-8b71-c9081cdf641d','Liderazgo','BLANDA',2,TRUE,'VALIDADA','a467d55b-ee5d-4943-bb21-005f005960d4','2026-04-10T00:58:38.182Z',NULL,6,'2026-04-10T00:58:38.185Z','2026-04-10T00:58:38.185Z');
INSERT INTO skills (id,"studentId",name,category,level,"isValidated","validationStatus","validatedBy","validatedAt","validationNotes",endorsements,"createdAt","updatedAt") VALUES ('0e35442c-d790-4766-aca2-3b5240ec9baf','5ddc23c0-361a-4dcc-8b71-c9081cdf641d','Microsoft Excel','TECNICA',4,TRUE,'VALIDADA','a467d55b-ee5d-4943-bb21-005f005960d4','2026-04-10T00:58:38.184Z',NULL,8,'2026-04-10T00:58:38.187Z','2026-04-10T00:58:38.187Z');
INSERT INTO skills (id,"studentId",name,category,level,"isValidated","validationStatus","validatedBy","validatedAt","validationNotes",endorsements,"createdAt","updatedAt") VALUES ('fad2c17a-ce36-48b6-903c-8d51b10f692b','2271ded2-4b2c-4390-8e2f-212323dee596','Atención al detalle','BLANDA',4,FALSE,'PENDIENTE',NULL,NULL,NULL,4,'2026-04-10T00:58:38.200Z','2026-04-10T00:58:38.200Z');
INSERT INTO skills (id,"studentId",name,category,level,"isValidated","validationStatus","validatedBy","validatedAt","validationNotes",endorsements,"createdAt","updatedAt") VALUES ('b39d1cea-3f4e-4339-829a-7df4294210c1','2271ded2-4b2c-4390-8e2f-212323dee596','Servicio de sala','TECNICA',2,FALSE,'PENDIENTE',NULL,NULL,NULL,8,'2026-04-10T00:58:38.202Z','2026-04-10T00:58:38.202Z');
INSERT INTO skills (id,"studentId",name,category,level,"isValidated","validationStatus","validatedBy","validatedAt","validationNotes",endorsements,"createdAt","updatedAt") VALUES ('19f62269-ff43-4c15-95a6-acc1af547f87','2271ded2-4b2c-4390-8e2f-212323dee596','Cocina de autor','TECNICA',3,TRUE,'VALIDADA','a467d55b-ee5d-4943-bb21-005f005960d4','2026-04-10T00:58:38.201Z',NULL,6,'2026-04-10T00:58:38.204Z','2026-04-10T00:58:38.204Z');
INSERT INTO skills (id,"studentId",name,category,level,"isValidated","validationStatus","validatedBy","validatedAt","validationNotes",endorsements,"createdAt","updatedAt") VALUES ('de7b9240-623e-4356-be6e-f76f07c648dd','2271ded2-4b2c-4390-8e2f-212323dee596','Trabajo bajo presión','BLANDA',5,TRUE,'VALIDADA','a467d55b-ee5d-4943-bb21-005f005960d4','2026-04-10T00:58:38.203Z',NULL,6,'2026-04-10T00:58:38.206Z','2026-04-10T00:58:38.206Z');
INSERT INTO skills (id,"studentId",name,category,level,"isValidated","validationStatus","validatedBy","validatedAt","validationNotes",endorsements,"createdAt","updatedAt") VALUES ('16a24052-92f6-4aa0-b95c-bb1592cac6b8','2271ded2-4b2c-4390-8e2f-212323dee596','Creatividad','BLANDA',5,FALSE,'PENDIENTE',NULL,NULL,NULL,4,'2026-04-10T00:58:38.209Z','2026-04-10T00:58:38.209Z');
INSERT INTO skills (id,"studentId",name,category,level,"isValidated","validationStatus","validatedBy","validatedAt","validationNotes",endorsements,"createdAt","updatedAt") VALUES ('47991ee4-7bc0-410b-971d-5200d8545704','2271ded2-4b2c-4390-8e2f-212323dee596','BPM (Buenas Prácticas de Manufactura)','TECNICA',2,TRUE,'VALIDADA','a467d55b-ee5d-4943-bb21-005f005960d4','2026-04-10T00:58:38.209Z',NULL,6,'2026-04-10T00:58:38.212Z','2026-04-10T00:58:38.212Z');
INSERT INTO skills (id,"studentId",name,category,level,"isValidated","validationStatus","validatedBy","validatedAt","validationNotes",endorsements,"createdAt","updatedAt") VALUES ('c3f379b2-f3e0-46c5-9429-25c0ddb82793','2271ded2-4b2c-4390-8e2f-212323dee596','Pastelería y repostería','TECNICA',4,TRUE,'VALIDADA','a467d55b-ee5d-4943-bb21-005f005960d4','2026-04-10T00:58:38.211Z',NULL,4,'2026-04-10T00:58:38.214Z','2026-04-10T00:58:38.214Z');
INSERT INTO skills (id,"studentId",name,category,level,"isValidated","validationStatus","validatedBy","validatedAt","validationNotes",endorsements,"createdAt","updatedAt") VALUES ('777cecca-3b02-43c9-adce-d94e8654aa33','2271ded2-4b2c-4390-8e2f-212323dee596','Manipulación de alimentos','CERTIFICACION',2,TRUE,'VALIDADA','a467d55b-ee5d-4943-bb21-005f005960d4','2026-04-10T00:58:38.213Z',NULL,6,'2026-04-10T00:58:38.216Z','2026-04-10T00:58:38.216Z');
INSERT INTO skills (id,"studentId",name,category,level,"isValidated","validationStatus","validatedBy","validatedAt","validationNotes",endorsements,"createdAt","updatedAt") VALUES ('439f4647-d22d-4e9d-9b0c-53c30aa2c303','2271ded2-4b2c-4390-8e2f-212323dee596','Cocina chilena','TECNICA',2,TRUE,'VALIDADA','a467d55b-ee5d-4943-bb21-005f005960d4','2026-04-10T00:58:38.215Z',NULL,1,'2026-04-10T00:58:38.218Z','2026-04-10T00:58:38.218Z');
INSERT INTO skills (id,"studentId",name,category,level,"isValidated","validationStatus","validatedBy","validatedAt","validationNotes",endorsements,"createdAt","updatedAt") VALUES ('5612cef9-de41-4bf7-92bd-4a822467dd73','ff02214b-0ca5-4d3d-be5e-5f01489e0c28','Contabilidad general','TECNICA',4,TRUE,'VALIDADA','a467d55b-ee5d-4943-bb21-005f005960d4','2026-04-10T00:58:38.225Z',NULL,0,'2026-04-10T00:58:38.229Z','2026-04-10T00:58:38.229Z');
INSERT INTO skills (id,"studentId",name,category,level,"isValidated","validationStatus","validatedBy","validatedAt","validationNotes",endorsements,"createdAt","updatedAt") VALUES ('de4996a2-6c70-44bc-8aa9-f95c1d3f434d','ff02214b-0ca5-4d3d-be5e-5f01489e0c28','Software ERP (Softland)','TECNICA',2,FALSE,'RECHAZADA',NULL,NULL,NULL,3,'2026-04-10T00:58:38.230Z','2026-04-10T00:58:38.230Z');
INSERT INTO skills (id,"studentId",name,category,level,"isValidated","validationStatus","validatedBy","validatedAt","validationNotes",endorsements,"createdAt","updatedAt") VALUES ('321afab0-4a31-4c55-9e7c-807ef050ab70','ff02214b-0ca5-4d3d-be5e-5f01489e0c28','Pensamiento analítico','BLANDA',2,TRUE,'VALIDADA','a467d55b-ee5d-4943-bb21-005f005960d4','2026-04-10T00:58:38.229Z',NULL,8,'2026-04-10T00:58:38.232Z','2026-04-10T00:58:38.232Z');
INSERT INTO skills (id,"studentId",name,category,level,"isValidated","validationStatus","validatedBy","validatedAt","validationNotes",endorsements,"createdAt","updatedAt") VALUES ('cb9edcf8-0322-43db-b508-a6296e0393e2','ff02214b-0ca5-4d3d-be5e-5f01489e0c28','Tributación SII','TECNICA',3,FALSE,'RECHAZADA',NULL,NULL,NULL,4,'2026-04-10T00:58:38.233Z','2026-04-10T00:58:38.233Z');
INSERT INTO skills (id,"studentId",name,category,level,"isValidated","validationStatus","validatedBy","validatedAt","validationNotes",endorsements,"createdAt","updatedAt") VALUES ('8dd61eff-cdaa-4e16-b198-ef2fa23d49f1','ff02214b-0ca5-4d3d-be5e-5f01489e0c28','Responsabilidad','BLANDA',3,TRUE,'VALIDADA','a467d55b-ee5d-4943-bb21-005f005960d4','2026-04-10T00:58:38.232Z',NULL,7,'2026-04-10T00:58:38.235Z','2026-04-10T00:58:38.235Z');
INSERT INTO skills (id,"studentId",name,category,level,"isValidated","validationStatus","validatedBy","validatedAt","validationNotes",endorsements,"createdAt","updatedAt") VALUES ('c43eb968-0214-4316-b2fc-82b65fdc37c7','ff02214b-0ca5-4d3d-be5e-5f01489e0c28','Excel avanzado','TECNICA',2,TRUE,'VALIDADA','a467d55b-ee5d-4943-bb21-005f005960d4','2026-04-10T00:58:38.233Z',NULL,4,'2026-04-10T00:58:38.236Z','2026-04-10T00:58:38.236Z');
INSERT INTO skills (id,"studentId",name,category,level,"isValidated","validationStatus","validatedBy","validatedAt","validationNotes",endorsements,"createdAt","updatedAt") VALUES ('308846f9-e7fe-491f-8594-42e49aa1a5b5','ff02214b-0ca5-4d3d-be5e-5f01489e0c28','Auditoría','TECNICA',2,TRUE,'VALIDADA','a467d55b-ee5d-4943-bb21-005f005960d4','2026-04-10T00:58:38.235Z',NULL,6,'2026-04-10T00:58:38.238Z','2026-04-10T00:58:38.238Z');
INSERT INTO skills (id,"studentId",name,category,level,"isValidated","validationStatus","validatedBy","validatedAt","validationNotes",endorsements,"createdAt","updatedAt") VALUES ('19215f25-f16d-4b32-8a4b-273870ee8545','d33639cc-51cd-465e-adf4-855e97448538','Git','TECNICA',5,FALSE,'PENDIENTE',NULL,NULL,NULL,0,'2026-04-10T00:58:38.248Z','2026-04-10T00:58:38.248Z');
INSERT INTO skills (id,"studentId",name,category,level,"isValidated","validationStatus","validatedBy","validatedAt","validationNotes",endorsements,"createdAt","updatedAt") VALUES ('fb2387b8-1bfd-44ac-9c32-a48f9a73d432','d33639cc-51cd-465e-adf4-855e97448538','Trabajo en equipo','BLANDA',4,FALSE,'RECHAZADA',NULL,NULL,NULL,0,'2026-04-10T00:58:38.250Z','2026-04-10T00:58:38.250Z');
INSERT INTO skills (id,"studentId",name,category,level,"isValidated","validationStatus","validatedBy","validatedAt","validationNotes",endorsements,"createdAt","updatedAt") VALUES ('911f8fdc-5bf2-45e5-aca0-3e3daec104c5','d33639cc-51cd-465e-adf4-855e97448538','JavaScript','TECNICA',4,FALSE,'PENDIENTE',NULL,NULL,NULL,0,'2026-04-10T00:58:38.252Z','2026-04-10T00:58:38.252Z');
INSERT INTO skills (id,"studentId",name,category,level,"isValidated","validationStatus","validatedBy","validatedAt","validationNotes",endorsements,"createdAt","updatedAt") VALUES ('da27c457-bb0f-4254-bbfd-9626be557a91','d33639cc-51cd-465e-adf4-855e97448538','REST APIs','TECNICA',4,FALSE,'RECHAZADA',NULL,NULL,NULL,0,'2026-04-10T00:58:38.254Z','2026-04-10T00:58:38.254Z');
INSERT INTO skills (id,"studentId",name,category,level,"isValidated","validationStatus","validatedBy","validatedAt","validationNotes",endorsements,"createdAt","updatedAt") VALUES ('90d1231b-ba79-4dd6-ade7-e0acce727ae7','a0edcce6-aa5f-473e-9993-8598ec559a4b','Pensamiento analítico','BLANDA',5,FALSE,'RECHAZADA',NULL,NULL,NULL,0,'2026-04-10T00:58:38.259Z','2026-04-10T00:58:38.259Z');
INSERT INTO skills (id,"studentId",name,category,level,"isValidated","validationStatus","validatedBy","validatedAt","validationNotes",endorsements,"createdAt","updatedAt") VALUES ('e46971c2-9135-475a-a181-4ddfb35272f8','a0edcce6-aa5f-473e-9993-8598ec559a4b','Cisco IOS','TECNICA',5,FALSE,'RECHAZADA',NULL,NULL,NULL,0,'2026-04-10T00:58:38.261Z','2026-04-10T00:58:38.261Z');
INSERT INTO skills (id,"studentId",name,category,level,"isValidated","validationStatus","validatedBy","validatedAt","validationNotes",endorsements,"createdAt","updatedAt") VALUES ('eff8e2a4-a790-4141-97b9-44d1f9101b00','a0edcce6-aa5f-473e-9993-8598ec559a4b','TCP/IP','TECNICA',3,FALSE,'RECHAZADA',NULL,NULL,NULL,0,'2026-04-10T00:58:38.263Z','2026-04-10T00:58:38.263Z');
INSERT INTO skills (id,"studentId",name,category,level,"isValidated","validationStatus","validatedBy","validatedAt","validationNotes",endorsements,"createdAt","updatedAt") VALUES ('52cdaf59-dd3f-42e0-b1a8-1a40bcdb960b','a0edcce6-aa5f-473e-9993-8598ec559a4b','Certificado CCNA','CERTIFICACION',2,FALSE,'PENDIENTE',NULL,NULL,NULL,0,'2026-04-10T00:58:38.264Z','2026-04-10T00:58:38.264Z');
INSERT INTO skills (id,"studentId",name,category,level,"isValidated","validationStatus","validatedBy","validatedAt","validationNotes",endorsements,"createdAt","updatedAt") VALUES ('6e4fefae-0748-4a76-927a-0e4d74633fd2','e2cb2a88-19f2-44d3-9d21-8eb68e8e7d12','Instalaciones eléctricas','TECNICA',3,FALSE,'PENDIENTE',NULL,NULL,NULL,0,'2026-04-10T00:58:38.275Z','2026-04-10T00:58:38.275Z');
INSERT INTO skills (id,"studentId",name,category,level,"isValidated","validationStatus","validatedBy","validatedAt","validationNotes",endorsements,"createdAt","updatedAt") VALUES ('675fc655-3365-4063-a63f-a7565bafe6c2','e2cb2a88-19f2-44d3-9d21-8eb68e8e7d12','Responsabilidad','BLANDA',4,FALSE,'RECHAZADA',NULL,NULL,NULL,0,'2026-04-10T00:58:38.276Z','2026-04-10T00:58:38.276Z');
INSERT INTO skills (id,"studentId",name,category,level,"isValidated","validationStatus","validatedBy","validatedAt","validationNotes",endorsements,"createdAt","updatedAt") VALUES ('6238620b-1eb2-449f-b044-f7db5ddf5b71','e2cb2a88-19f2-44d3-9d21-8eb68e8e7d12','Automatización PLC','TECNICA',2,FALSE,'RECHAZADA',NULL,NULL,NULL,0,'2026-04-10T00:58:38.278Z','2026-04-10T00:58:38.278Z');
INSERT INTO skills (id,"studentId",name,category,level,"isValidated","validationStatus","validatedBy","validatedAt","validationNotes",endorsements,"createdAt","updatedAt") VALUES ('142f8b4e-cea5-413a-9735-f6dd64d9a7f4','e2cb2a88-19f2-44d3-9d21-8eb68e8e7d12','Trabajo en equipo','BLANDA',5,FALSE,'PENDIENTE',NULL,NULL,NULL,0,'2026-04-10T00:58:38.280Z','2026-04-10T00:58:38.280Z');
INSERT INTO skills (id,"studentId",name,category,level,"isValidated","validationStatus","validatedBy","validatedAt","validationNotes",endorsements,"createdAt","updatedAt") VALUES ('60fee09b-a458-424b-9959-98fb240c5de7','ef4f6464-36d6-4891-a278-436be8b990ea','Soldadura MIG','TECNICA',5,FALSE,'RECHAZADA',NULL,NULL,NULL,0,'2026-04-10T00:58:38.287Z','2026-04-10T00:58:38.287Z');
INSERT INTO skills (id,"studentId",name,category,level,"isValidated","validationStatus","validatedBy","validatedAt","validationNotes",endorsements,"createdAt","updatedAt") VALUES ('fcd5a4c6-71eb-4857-b0f5-0118def18dd1','ef4f6464-36d6-4891-a278-436be8b990ea','Atención al cliente','BLANDA',2,FALSE,'RECHAZADA',NULL,NULL,NULL,0,'2026-04-10T00:58:38.288Z','2026-04-10T00:58:38.288Z');
INSERT INTO skills (id,"studentId",name,category,level,"isValidated","validationStatus","validatedBy","validatedAt","validationNotes",endorsements,"createdAt","updatedAt") VALUES ('5d4024b8-6754-4f34-bf96-5c6b2da02d48','08dfd987-31e0-425f-9eac-6c83414adc64','Comunicación efectiva','BLANDA',2,FALSE,'PENDIENTE',NULL,NULL,NULL,0,'2026-04-10T00:58:38.294Z','2026-04-10T00:58:38.294Z');
INSERT INTO skills (id,"studentId",name,category,level,"isValidated","validationStatus","validatedBy","validatedAt","validationNotes",endorsements,"createdAt","updatedAt") VALUES ('2e5a6d21-8d9f-46fb-8857-195beb406905','08dfd987-31e0-425f-9eac-6c83414adc64','Gestión del tiempo','BLANDA',5,FALSE,'PENDIENTE',NULL,NULL,NULL,0,'2026-04-10T00:58:38.295Z','2026-04-10T00:58:38.295Z');
INSERT INTO skills (id,"studentId",name,category,level,"isValidated","validationStatus","validatedBy","validatedAt","validationNotes",endorsements,"createdAt","updatedAt") VALUES ('f04cbac1-cbc5-4037-9f79-904609f8a049','362e1070-c3f6-4263-b58d-c697cccf7164','Creatividad','BLANDA',2,FALSE,'PENDIENTE',NULL,NULL,NULL,0,'2026-04-10T00:58:38.304Z','2026-04-10T00:58:38.304Z');
INSERT INTO skills (id,"studentId",name,category,level,"isValidated","validationStatus","validatedBy","validatedAt","validationNotes",endorsements,"createdAt","updatedAt") VALUES ('18ec20ee-8f4c-4e51-9001-be0eeee4519e','362e1070-c3f6-4263-b58d-c697cccf7164','Manipulación de alimentos','CERTIFICACION',2,FALSE,'RECHAZADA',NULL,NULL,NULL,0,'2026-04-10T00:58:38.306Z','2026-04-10T00:58:38.306Z');
INSERT INTO skills (id,"studentId",name,category,level,"isValidated","validationStatus","validatedBy","validatedAt","validationNotes",endorsements,"createdAt","updatedAt") VALUES ('451b5916-231f-41ce-bac5-fff26921e1ae','4c0342cd-7c98-4439-94ef-7dbdfc1c5978','Auditoría','TECNICA',3,FALSE,'RECHAZADA',NULL,NULL,NULL,0,'2026-04-10T00:58:38.313Z','2026-04-10T00:58:38.313Z');
INSERT INTO skills (id,"studentId",name,category,level,"isValidated","validationStatus","validatedBy","validatedAt","validationNotes",endorsements,"createdAt","updatedAt") VALUES ('8ab9b5a8-e713-43f5-ad51-fb091bcd4de0','4c0342cd-7c98-4439-94ef-7dbdfc1c5978','Responsabilidad','BLANDA',5,FALSE,'RECHAZADA',NULL,NULL,NULL,0,'2026-04-10T00:58:38.315Z','2026-04-10T00:58:38.315Z');
INSERT INTO skills (id,"studentId",name,category,level,"isValidated","validationStatus","validatedBy","validatedAt","validationNotes",endorsements,"createdAt","updatedAt") VALUES ('d7c5b30a-27e2-47cd-a7b0-215c3dce0f66','4c0342cd-7c98-4439-94ef-7dbdfc1c5978','Tributación SII','TECNICA',2,FALSE,'PENDIENTE',NULL,NULL,NULL,0,'2026-04-10T00:58:38.317Z','2026-04-10T00:58:38.317Z');
INSERT INTO skills (id,"studentId",name,category,level,"isValidated","validationStatus","validatedBy","validatedAt","validationNotes",endorsements,"createdAt","updatedAt") VALUES ('4bf1efb4-9c9e-4931-a930-5bcf5d1dd880','9881cd5b-9813-41b8-b14d-ed7346ef0f2e','JavaScript','TECNICA',4,FALSE,'PENDIENTE',NULL,NULL,NULL,0,'2026-04-10T00:58:38.325Z','2026-04-10T00:58:38.325Z');
INSERT INTO skills (id,"studentId",name,category,level,"isValidated","validationStatus","validatedBy","validatedAt","validationNotes",endorsements,"createdAt","updatedAt") VALUES ('5d1a1646-8ace-45df-83d1-9b510384a198','9881cd5b-9813-41b8-b14d-ed7346ef0f2e','HTML/CSS','TECNICA',4,FALSE,'RECHAZADA',NULL,NULL,NULL,0,'2026-04-10T00:58:38.326Z','2026-04-10T00:58:38.326Z');
INSERT INTO skills (id,"studentId",name,category,level,"isValidated","validationStatus","validatedBy","validatedAt","validationNotes",endorsements,"createdAt","updatedAt") VALUES ('aa4775dd-54a4-4a4c-9919-b290fa74890b','79b6fc2b-25ab-4009-b0e3-92dfef970dbc','Cableado estructurado','TECNICA',2,FALSE,'PENDIENTE',NULL,NULL,NULL,0,'2026-04-10T00:58:38.332Z','2026-04-10T00:58:38.332Z');
INSERT INTO skills (id,"studentId",name,category,level,"isValidated","validationStatus","validatedBy","validatedAt","validationNotes",endorsements,"createdAt","updatedAt") VALUES ('ba0448aa-0f25-467c-897e-bea1f8dceb5d','79b6fc2b-25ab-4009-b0e3-92dfef970dbc','Wi-Fi / 802.11','TECNICA',5,FALSE,'PENDIENTE',NULL,NULL,NULL,0,'2026-04-10T00:58:38.334Z','2026-04-10T00:58:38.334Z');
INSERT INTO skills (id,"studentId",name,category,level,"isValidated","validationStatus","validatedBy","validatedAt","validationNotes",endorsements,"createdAt","updatedAt") VALUES ('8c397897-6242-4d04-be03-1d1853a9b841','79b6fc2b-25ab-4009-b0e3-92dfef970dbc','Trabajo bajo presión','BLANDA',4,FALSE,'RECHAZADA',NULL,NULL,NULL,0,'2026-04-10T00:58:38.336Z','2026-04-10T00:58:38.336Z');
INSERT INTO skills (id,"studentId",name,category,level,"isValidated","validationStatus","validatedBy","validatedAt","validationNotes",endorsements,"createdAt","updatedAt") VALUES ('e546d54b-40fe-4c2b-8d13-3399d4fecb84','79b6fc2b-25ab-4009-b0e3-92dfef970dbc','Pensamiento analítico','BLANDA',2,FALSE,'RECHAZADA',NULL,NULL,NULL,0,'2026-04-10T00:58:38.338Z','2026-04-10T00:58:38.338Z');
INSERT INTO skills (id,"studentId",name,category,level,"isValidated","validationStatus","validatedBy","validatedAt","validationNotes",endorsements,"createdAt","updatedAt") VALUES ('813cb7f1-7634-4ca8-ab91-3140deb0097f','6aff465c-b26f-4243-b3e5-dea836bd470e','Instalaciones eléctricas','TECNICA',4,FALSE,'PENDIENTE',NULL,NULL,NULL,0,'2026-04-10T00:58:38.345Z','2026-04-10T00:58:38.345Z');
INSERT INTO skills (id,"studentId",name,category,level,"isValidated","validationStatus","validatedBy","validatedAt","validationNotes",endorsements,"createdAt","updatedAt") VALUES ('55e3c4ce-7a0d-4adb-85b2-f188578dedde','6aff465c-b26f-4243-b3e5-dea836bd470e','Responsabilidad','BLANDA',3,FALSE,'PENDIENTE',NULL,NULL,NULL,0,'2026-04-10T00:58:38.347Z','2026-04-10T00:58:38.347Z');
INSERT INTO skills (id,"studentId",name,category,level,"isValidated","validationStatus","validatedBy","validatedAt","validationNotes",endorsements,"createdAt","updatedAt") VALUES ('736fdcd0-f5f5-41d4-9d45-371d64be9779','6aff465c-b26f-4243-b3e5-dea836bd470e','Automatización PLC','TECNICA',5,FALSE,'RECHAZADA',NULL,NULL,NULL,0,'2026-04-10T00:58:38.350Z','2026-04-10T00:58:38.350Z');
INSERT INTO skills (id,"studentId",name,category,level,"isValidated","validationStatus","validatedBy","validatedAt","validationNotes",endorsements,"createdAt","updatedAt") VALUES ('1901f0ca-b65c-487a-8d70-e8752745c98c','b52ce764-9932-4657-bf33-7d65fe473e65','Atención al cliente','BLANDA',3,FALSE,'RECHAZADA',NULL,NULL,NULL,0,'2026-04-10T00:58:38.356Z','2026-04-10T00:58:38.356Z');
INSERT INTO skills (id,"studentId",name,category,level,"isValidated","validationStatus","validatedBy","validatedAt","validationNotes",endorsements,"createdAt","updatedAt") VALUES ('3b08eeb9-5bcc-40ae-a236-05c64972e3de','b52ce764-9932-4657-bf33-7d65fe473e65','Diagnóstico OBD2','TECNICA',3,FALSE,'RECHAZADA',NULL,NULL,NULL,0,'2026-04-10T00:58:38.358Z','2026-04-10T00:58:38.358Z');
INSERT INTO skills (id,"studentId",name,category,level,"isValidated","validationStatus","validatedBy","validatedAt","validationNotes",endorsements,"createdAt","updatedAt") VALUES ('0994745a-601d-49fb-8fc1-e633e02f4b6f','b52ce764-9932-4657-bf33-7d65fe473e65','Motor a explosión','TECNICA',2,FALSE,'PENDIENTE',NULL,NULL,NULL,0,'2026-04-10T00:58:38.359Z','2026-04-10T00:58:38.359Z');
INSERT INTO skills (id,"studentId",name,category,level,"isValidated","validationStatus","validatedBy","validatedAt","validationNotes",endorsements,"createdAt","updatedAt") VALUES ('1beb5f6c-14b0-4d9f-851b-ec8961c9cb55','b52ce764-9932-4657-bf33-7d65fe473e65','Sistemas de frenos','TECNICA',5,FALSE,'RECHAZADA',NULL,NULL,NULL,0,'2026-04-10T00:58:38.361Z','2026-04-10T00:58:38.361Z');
INSERT INTO skills (id,"studentId",name,category,level,"isValidated","validationStatus","validatedBy","validatedAt","validationNotes",endorsements,"createdAt","updatedAt") VALUES ('7ad05d01-241e-4c7c-b625-948fbe67f0a6','019983b8-3073-4d0b-9e47-fa5e18c508e5','Comunicación efectiva','BLANDA',5,FALSE,'RECHAZADA',NULL,NULL,NULL,0,'2026-04-10T00:58:38.371Z','2026-04-10T00:58:38.371Z');
INSERT INTO skills (id,"studentId",name,category,level,"isValidated","validationStatus","validatedBy","validatedAt","validationNotes",endorsements,"createdAt","updatedAt") VALUES ('91ade218-6221-4227-8181-46c1bc1a5f69','019983b8-3073-4d0b-9e47-fa5e18c508e5','Recursos Humanos','TECNICA',5,FALSE,'RECHAZADA',NULL,NULL,NULL,0,'2026-04-10T00:58:38.373Z','2026-04-10T00:58:38.373Z');
INSERT INTO skills (id,"studentId",name,category,level,"isValidated","validationStatus","validatedBy","validatedAt","validationNotes",endorsements,"createdAt","updatedAt") VALUES ('d8a6daa6-3eea-47b5-a152-7c77833e6095','16642f2e-6d80-4a6a-beb0-5323c61afc3b','Trabajo bajo presión','BLANDA',5,FALSE,'PENDIENTE',NULL,NULL,NULL,0,'2026-04-10T00:58:38.380Z','2026-04-10T00:58:38.380Z');
INSERT INTO skills (id,"studentId",name,category,level,"isValidated","validationStatus","validatedBy","validatedAt","validationNotes",endorsements,"createdAt","updatedAt") VALUES ('ab6b94a3-b1f0-4672-97cb-1456ec01d045','16642f2e-6d80-4a6a-beb0-5323c61afc3b','Creatividad','BLANDA',2,FALSE,'PENDIENTE',NULL,NULL,NULL,0,'2026-04-10T00:58:38.381Z','2026-04-10T00:58:38.381Z');
INSERT INTO skills (id,"studentId",name,category,level,"isValidated","validationStatus","validatedBy","validatedAt","validationNotes",endorsements,"createdAt","updatedAt") VALUES ('28b4ebb5-9a28-42d6-bf6d-4f5d23ceb798','fc97b471-919d-48cc-8654-d39167baaea4','Auditoría','TECNICA',3,FALSE,'PENDIENTE',NULL,NULL,NULL,0,'2026-04-10T00:58:38.387Z','2026-04-10T00:58:38.387Z');
INSERT INTO skills (id,"studentId",name,category,level,"isValidated","validationStatus","validatedBy","validatedAt","validationNotes",endorsements,"createdAt","updatedAt") VALUES ('6fafa046-9466-4d73-937a-ea8e6f542cd3','fc97b471-919d-48cc-8654-d39167baaea4','Excel avanzado','TECNICA',4,FALSE,'PENDIENTE',NULL,NULL,NULL,0,'2026-04-10T00:58:38.389Z','2026-04-10T00:58:38.389Z');
INSERT INTO skills (id,"studentId",name,category,level,"isValidated","validationStatus","validatedBy","validatedAt","validationNotes",endorsements,"createdAt","updatedAt") VALUES ('718575fb-bb63-4b11-af4c-2204ee3cf5df','fc97b471-919d-48cc-8654-d39167baaea4','Pensamiento analítico','BLANDA',5,FALSE,'PENDIENTE',NULL,NULL,NULL,0,'2026-04-10T00:58:38.391Z','2026-04-10T00:58:38.391Z');
INSERT INTO skills (id,"studentId",name,category,level,"isValidated","validationStatus","validatedBy","validatedAt","validationNotes",endorsements,"createdAt","updatedAt") VALUES ('f58ab097-5fca-4d24-8033-537cf857d565','fc97b471-919d-48cc-8654-d39167baaea4','Tributación SII','TECNICA',5,FALSE,'PENDIENTE',NULL,NULL,NULL,0,'2026-04-10T00:58:38.392Z','2026-04-10T00:58:38.392Z');
INSERT INTO skills (id,"studentId",name,category,level,"isValidated","validationStatus","validatedBy","validatedAt","validationNotes",endorsements,"createdAt","updatedAt") VALUES ('38c8bcbf-c2c2-4e87-abb5-9b959b48e6ad','2568b091-1a99-4511-9106-edfeca2fa200','Node.js','TECNICA',4,FALSE,'PENDIENTE',NULL,NULL,NULL,0,'2026-04-10T00:58:38.398Z','2026-04-10T00:58:38.398Z');
INSERT INTO skills (id,"studentId",name,category,level,"isValidated","validationStatus","validatedBy","validatedAt","validationNotes",endorsements,"createdAt","updatedAt") VALUES ('deabf50d-96ee-4b18-baec-8da5e2387637','2568b091-1a99-4511-9106-edfeca2fa200','React','TECNICA',2,FALSE,'PENDIENTE',NULL,NULL,NULL,0,'2026-04-10T00:58:38.400Z','2026-04-10T00:58:38.400Z');

-- PORTFOLIO EVIDENCES (72)
INSERT INTO portfolio_evidences (id,"studentId",title,description,type,url,"imageUrl",tags,"isPublic","createdAt","updatedAt") VALUES ('197bb7a1-799e-47cd-a8a3-51fefc640be6','6a86e330-41c3-4ce2-a414-70142d685da9','Sistema de gestión escolar web','Aplicación full-stack con React y Node.js para gestión de notas y asistencia','PROYECTO',NULL,NULL,'React,Node.js,PostgreSQL',TRUE,'2026-04-10T00:58:37.490Z','2026-04-10T00:58:37.490Z');
INSERT INTO portfolio_evidences (id,"studentId",title,description,type,url,"imageUrl",tags,"isPublic","createdAt","updatedAt") VALUES ('5643303a-764c-4ee6-91c7-dfda01d8e38c','6a86e330-41c3-4ce2-a414-70142d685da9','API REST de inventario','Backend en Express con autenticación JWT y documentación Swagger','PROYECTO',NULL,NULL,'Node.js,REST,JWT',TRUE,'2026-04-10T00:58:37.494Z','2026-04-10T00:58:37.494Z');
INSERT INTO portfolio_evidences (id,"studentId",title,description,type,url,"imageUrl",tags,"isPublic","createdAt","updatedAt") VALUES ('3c41fc6d-a6d4-4bc1-aaf6-b2047ada44e2','6a86e330-41c3-4ce2-a414-70142d685da9','Certificado curso Python - Platzi','Curso de fundamentos de Python y análisis de datos con pandas','CERTIFICADO',NULL,NULL,'Python,Platzi',TRUE,'2026-04-10T00:58:37.496Z','2026-04-10T00:58:37.496Z');
INSERT INTO portfolio_evidences (id,"studentId",title,description,type,url,"imageUrl",tags,"isPublic","createdAt","updatedAt") VALUES ('aaca5120-2c36-4bc6-9774-7ee1ca02960e','2a3191b3-3e7d-4f3e-ac69-d7537b184ea5','Instalación de red Wi-Fi corporativa','Práctica real de instalación de puntos de acceso y controladora inalámbrica en colegio','FOTO',NULL,NULL,'Wi-Fi,Red',TRUE,'2026-04-10T00:58:37.519Z','2026-04-10T00:58:37.519Z');
INSERT INTO portfolio_evidences (id,"studentId",title,description,type,url,"imageUrl",tags,"isPublic","createdAt","updatedAt") VALUES ('17ec38d8-f6be-44e1-9419-24e5844a1b3e','2a3191b3-3e7d-4f3e-ac69-d7537b184ea5','Configuración de red empresarial simulada','Simulación en Packet Tracer de una red con VLANs, routing OSPF y seguridad ACL','PROYECTO',NULL,NULL,'Cisco,VLAN,OSPF',TRUE,'2026-04-10T00:58:37.521Z','2026-04-10T00:58:37.521Z');
INSERT INTO portfolio_evidences (id,"studentId",title,description,type,url,"imageUrl",tags,"isPublic","createdAt","updatedAt") VALUES ('ac00d7d5-37a2-4ba6-b77e-a17dde0f9995','a9faa1af-3daa-4152-8da3-d0e9bf4fadcd','Certificado Manipulación Segura de Electricidad','Certificado emitido por SENCE sobre normas de seguridad eléctrica','CERTIFICADO',NULL,NULL,'Seguridad,SENCE',TRUE,'2026-04-10T00:58:37.543Z','2026-04-10T00:58:37.543Z');
INSERT INTO portfolio_evidences (id,"studentId",title,description,type,url,"imageUrl",tags,"isPublic","createdAt","updatedAt") VALUES ('67007452-c00d-49d6-9c04-fa3d7a20b690','a9faa1af-3daa-4152-8da3-d0e9bf4fadcd','Panel solar 3kW residencial','Diseño e instalación de sistema fotovoltaico de 3kW con inversor On-Grid','PROYECTO',NULL,NULL,'Solar,Fotovoltaico',TRUE,'2026-04-10T00:58:37.545Z','2026-04-10T00:58:37.545Z');
INSERT INTO portfolio_evidences (id,"studentId",title,description,type,url,"imageUrl",tags,"isPublic","createdAt","updatedAt") VALUES ('385cd172-99fd-4f17-9c77-3739195460da','a9faa1af-3daa-4152-8da3-d0e9bf4fadcd','Instalación eléctrica trifásica taller','Proyecto de instalación completa de tablero trifásico para taller industrial del colegio','FOTO',NULL,NULL,'Instalación,Trifásico',TRUE,'2026-04-10T00:58:37.547Z','2026-04-10T00:58:37.547Z');
INSERT INTO portfolio_evidences (id,"studentId",title,description,type,url,"imageUrl",tags,"isPublic","createdAt","updatedAt") VALUES ('89f86db5-fd55-4caa-adb1-36ebf37d0e2c','3ae67e46-56b1-443c-8fbc-3bb7bb8b1c4a','Mantenimiento preventivo 50 vehículos','Participación en campaña de mantenciones gratuitas en feria técnica del colegio','DESCRIPCION',NULL,NULL,'Mantención,Taller',TRUE,'2026-04-10T00:58:37.568Z','2026-04-10T00:58:37.568Z');
INSERT INTO portfolio_evidences (id,"studentId",title,description,type,url,"imageUrl",tags,"isPublic","createdAt","updatedAt") VALUES ('a59b04ca-c01e-4caf-911a-e139a855c599','3ae67e46-56b1-443c-8fbc-3bb7bb8b1c4a','Diagnóstico y reparación motor Toyota Corolla','Práctica de diagnóstico completo con escáner OBD2 y reparación de sistema de inyección','FOTO',NULL,NULL,'OBD2,Toyota,Diagnóstico',TRUE,'2026-04-10T00:58:37.570Z','2026-04-10T00:58:37.570Z');
INSERT INTO portfolio_evidences (id,"studentId",title,description,type,url,"imageUrl",tags,"isPublic","createdAt","updatedAt") VALUES ('b21e3323-e62f-47f6-b915-b66a04b930ea','6c6009ba-6aaa-4d19-baf1-ed6c6032cc93','Certificado Google Digital Garage','Certificado en fundamentos de marketing digital','CERTIFICADO',NULL,NULL,'Google,Marketing',TRUE,'2026-04-10T00:58:37.592Z','2026-04-10T00:58:37.592Z');
INSERT INTO portfolio_evidences (id,"studentId",title,description,type,url,"imageUrl",tags,"isPublic","createdAt","updatedAt") VALUES ('a4e917de-7a9e-4459-bb3a-584195acea8a','8fe8c249-fca5-4b90-90d6-a8abea1d2fb9','Certificado Manipulación de Alimentos','Certificado oficial SEREMI de Salud para manipulación de alimentos','CERTIFICADO',NULL,NULL,'SEREMI,Alimentos',TRUE,'2026-04-10T00:58:37.613Z','2026-04-10T00:58:37.613Z');
INSERT INTO portfolio_evidences (id,"studentId",title,description,type,url,"imageUrl",tags,"isPublic","createdAt","updatedAt") VALUES ('8122b9f7-0be6-4e51-b187-c83d389a5f08','7a6db892-88e1-4f3f-a935-64aed6e3b05e','Sistema de contabilidad PYME','Implementación de Softland ERP para pequeña empresa de servicios, incluyendo migración de datos','PROYECTO',NULL,NULL,'Softland,ERP,PYME',TRUE,'2026-04-10T00:58:37.628Z','2026-04-10T00:58:37.628Z');
INSERT INTO portfolio_evidences (id,"studentId",title,description,type,url,"imageUrl",tags,"isPublic","createdAt","updatedAt") VALUES ('83efe3cb-65a3-4473-a755-331af4da018e','05028e09-e960-4ae4-9aee-811051e6814a','API REST de inventario','Backend en Express con autenticación JWT y documentación Swagger','PROYECTO',NULL,NULL,'Node.js,REST,JWT',TRUE,'2026-04-10T00:58:37.647Z','2026-04-10T00:58:37.647Z');
INSERT INTO portfolio_evidences (id,"studentId",title,description,type,url,"imageUrl",tags,"isPublic","createdAt","updatedAt") VALUES ('09957712-e11a-4fa8-969e-069c5bb7154d','05028e09-e960-4ae4-9aee-811051e6814a','Sistema de gestión escolar web','Aplicación full-stack con React y Node.js para gestión de notas y asistencia','PROYECTO',NULL,NULL,'React,Node.js,PostgreSQL',TRUE,'2026-04-10T00:58:37.649Z','2026-04-10T00:58:37.649Z');
INSERT INTO portfolio_evidences (id,"studentId",title,description,type,url,"imageUrl",tags,"isPublic","createdAt","updatedAt") VALUES ('e1c182dc-6000-4d18-928c-d8b48f8f8bff','05028e09-e960-4ae4-9aee-811051e6814a','Certificado curso Python - Platzi','Curso de fundamentos de Python y análisis de datos con pandas','CERTIFICADO',NULL,NULL,'Python,Platzi',TRUE,'2026-04-10T00:58:37.651Z','2026-04-10T00:58:37.651Z');
INSERT INTO portfolio_evidences (id,"studentId",title,description,type,url,"imageUrl",tags,"isPublic","createdAt","updatedAt") VALUES ('0de1114a-063f-4461-8c7a-554f495a0028','d74deed2-9838-40cb-8e21-50d58c03c523','Certificado Cisco NetAcad IT Essentials','Completado el curso oficial de Cisco sobre hardware, SO y redes básicas','CERTIFICADO',NULL,NULL,'Cisco,CompTIA',TRUE,'2026-04-10T00:58:37.673Z','2026-04-10T00:58:37.673Z');
INSERT INTO portfolio_evidences (id,"studentId",title,description,type,url,"imageUrl",tags,"isPublic","createdAt","updatedAt") VALUES ('8a3c530d-b090-40ee-9a1c-75eeeb1aee6e','40533205-58ee-43c5-b439-a23e3301702f','Instalación eléctrica trifásica taller','Proyecto de instalación completa de tablero trifásico para taller industrial del colegio','FOTO',NULL,NULL,'Instalación,Trifásico',TRUE,'2026-04-10T00:58:37.690Z','2026-04-10T00:58:37.690Z');
INSERT INTO portfolio_evidences (id,"studentId",title,description,type,url,"imageUrl",tags,"isPublic","createdAt","updatedAt") VALUES ('e5dc06a4-f048-499e-a6b2-1ea672c53480','40533205-58ee-43c5-b439-a23e3301702f','Panel solar 3kW residencial','Diseño e instalación de sistema fotovoltaico de 3kW con inversor On-Grid','PROYECTO',NULL,NULL,'Solar,Fotovoltaico',TRUE,'2026-04-10T00:58:37.691Z','2026-04-10T00:58:37.691Z');
INSERT INTO portfolio_evidences (id,"studentId",title,description,type,url,"imageUrl",tags,"isPublic","createdAt","updatedAt") VALUES ('0007204a-34d2-4e95-b473-3fe896e851b7','c0917d45-5f5e-48b6-947d-9247402e7370','Mantenimiento preventivo 50 vehículos','Participación en campaña de mantenciones gratuitas en feria técnica del colegio','DESCRIPCION',NULL,NULL,'Mantención,Taller',TRUE,'2026-04-10T00:58:37.714Z','2026-04-10T00:58:37.714Z');
INSERT INTO portfolio_evidences (id,"studentId",title,description,type,url,"imageUrl",tags,"isPublic","createdAt","updatedAt") VALUES ('37de803f-3162-441c-8d91-7e7c5d46275a','c0917d45-5f5e-48b6-947d-9247402e7370','Diagnóstico y reparación motor Toyota Corolla','Práctica de diagnóstico completo con escáner OBD2 y reparación de sistema de inyección','FOTO',NULL,NULL,'OBD2,Toyota,Diagnóstico',TRUE,'2026-04-10T00:58:37.717Z','2026-04-10T00:58:37.717Z');
INSERT INTO portfolio_evidences (id,"studentId",title,description,type,url,"imageUrl",tags,"isPublic","createdAt","updatedAt") VALUES ('791fa403-8d6b-4611-9f65-33df418c502d','d86b334c-b08c-477b-9ee1-c9d92755d89b','Certificado Google Digital Garage','Certificado en fundamentos de marketing digital','CERTIFICADO',NULL,NULL,'Google,Marketing',TRUE,'2026-04-10T00:58:37.735Z','2026-04-10T00:58:37.735Z');
INSERT INTO portfolio_evidences (id,"studentId",title,description,type,url,"imageUrl",tags,"isPublic","createdAt","updatedAt") VALUES ('5d1d101e-d692-4d23-955f-3b53e77171e4','d86b334c-b08c-477b-9ee1-c9d92755d89b','Campaña de marketing digital','Gestión de redes sociales y Google Ads para negocio local, aumentando ventas en 30%','DESCRIPCION',NULL,NULL,'Marketing,Redes Sociales',TRUE,'2026-04-10T00:58:37.737Z','2026-04-10T00:58:37.737Z');
INSERT INTO portfolio_evidences (id,"studentId",title,description,type,url,"imageUrl",tags,"isPublic","createdAt","updatedAt") VALUES ('84ee7c4f-664e-452d-a952-c3c248d8b0e7','d86b334c-b08c-477b-9ee1-c9d92755d89b','Plan de negocios empresa ficticia','Desarrollo de plan de negocios completo para empresa de servicios digitales, incluyendo proyecciones financieras','PROYECTO',NULL,NULL,'Negocios,Finanzas',TRUE,'2026-04-10T00:58:37.739Z','2026-04-10T00:58:37.739Z');
INSERT INTO portfolio_evidences (id,"studentId",title,description,type,url,"imageUrl",tags,"isPublic","createdAt","updatedAt") VALUES ('c0ca5e07-c56c-4356-8424-0f5263a4f8ea','e77a9b9c-a419-4add-9bb3-6e534cff531b','Pastelería artesanal para venta','Emprendimiento personal de repostería fina con ventas por Instagram','DESCRIPCION',NULL,NULL,'Repostería,Emprendimiento',TRUE,'2026-04-10T00:58:37.763Z','2026-04-10T00:58:37.763Z');
INSERT INTO portfolio_evidences (id,"studentId",title,description,type,url,"imageUrl",tags,"isPublic","createdAt","updatedAt") VALUES ('56b3ddc6-3b96-4370-af78-20ff60621c1b','e77a9b9c-a419-4add-9bb3-6e534cff531b','Menú degustación 5 tiempos','Preparación y presentación de menú de autor para evento escolar de 80 comensales','FOTO',NULL,NULL,'Cocina,Evento',TRUE,'2026-04-10T00:58:37.765Z','2026-04-10T00:58:37.765Z');
INSERT INTO portfolio_evidences (id,"studentId",title,description,type,url,"imageUrl",tags,"isPublic","createdAt","updatedAt") VALUES ('17423466-a94b-4b3b-ba11-9e2d4c416846','e77a9b9c-a419-4add-9bb3-6e534cff531b','Certificado Manipulación de Alimentos','Certificado oficial SEREMI de Salud para manipulación de alimentos','CERTIFICADO',NULL,NULL,'SEREMI,Alimentos',TRUE,'2026-04-10T00:58:37.767Z','2026-04-10T00:58:37.767Z');
INSERT INTO portfolio_evidences (id,"studentId",title,description,type,url,"imageUrl",tags,"isPublic","createdAt","updatedAt") VALUES ('c10781e0-b33b-4c8c-ae2a-ced801171467','7aa2c535-e6a1-4a83-a713-875bd4a29a90','Certificado Tributación SII - SENCE','Curso de tributación para PYMES, dictado en modalidad online por SII','CERTIFICADO',NULL,NULL,'SII,Tributación,SENCE',TRUE,'2026-04-10T00:58:37.784Z','2026-04-10T00:58:37.784Z');
INSERT INTO portfolio_evidences (id,"studentId",title,description,type,url,"imageUrl",tags,"isPublic","createdAt","updatedAt") VALUES ('0a097435-7a68-4d06-a16f-1f30e8bf80a4','7aa2c535-e6a1-4a83-a713-875bd4a29a90','Declaración de IVA y renta','Práctica supervisada de declaraciones tributarias ante el SII','DESCRIPCION',NULL,NULL,'SII,Tributación',TRUE,'2026-04-10T00:58:37.786Z','2026-04-10T00:58:37.786Z');
INSERT INTO portfolio_evidences (id,"studentId",title,description,type,url,"imageUrl",tags,"isPublic","createdAt","updatedAt") VALUES ('bf1f6375-988d-4c33-a2e4-8211ab58bb1a','c9884408-42dd-4e40-a5ed-dfc8e6dfc485','Portafolio personal','Sitio web personal con proyectos y habilidades','PROYECTO',NULL,NULL,'HTML,CSS,JavaScript',TRUE,'2026-04-10T00:58:37.807Z','2026-04-10T00:58:37.807Z');
INSERT INTO portfolio_evidences (id,"studentId",title,description,type,url,"imageUrl",tags,"isPublic","createdAt","updatedAt") VALUES ('6fad0b02-0494-4c53-9ede-87d6fdc3fb3e','3bdc6ef4-6ad5-41e5-a280-a41de2954dc7','Configuración de red empresarial simulada','Simulación en Packet Tracer de una red con VLANs, routing OSPF y seguridad ACL','PROYECTO',NULL,NULL,'Cisco,VLAN,OSPF',TRUE,'2026-04-10T00:58:37.827Z','2026-04-10T00:58:37.827Z');
INSERT INTO portfolio_evidences (id,"studentId",title,description,type,url,"imageUrl",tags,"isPublic","createdAt","updatedAt") VALUES ('7f145b6a-477b-48c6-93ff-ea837dc190b1','3bdc6ef4-6ad5-41e5-a280-a41de2954dc7','Instalación de red Wi-Fi corporativa','Práctica real de instalación de puntos de acceso y controladora inalámbrica en colegio','FOTO',NULL,NULL,'Wi-Fi,Red',TRUE,'2026-04-10T00:58:37.829Z','2026-04-10T00:58:37.829Z');
INSERT INTO portfolio_evidences (id,"studentId",title,description,type,url,"imageUrl",tags,"isPublic","createdAt","updatedAt") VALUES ('0da44383-0e8c-4d43-8948-8d0449393a3f','b14f2bc5-20cd-4a9a-868d-7ff33d2f08d7','Instalación eléctrica trifásica taller','Proyecto de instalación completa de tablero trifásico para taller industrial del colegio','FOTO',NULL,NULL,'Instalación,Trifásico',TRUE,'2026-04-10T00:58:37.853Z','2026-04-10T00:58:37.853Z');
INSERT INTO portfolio_evidences (id,"studentId",title,description,type,url,"imageUrl",tags,"isPublic","createdAt","updatedAt") VALUES ('e704a4cb-d744-4854-a39b-5d75fba0159e','b14f2bc5-20cd-4a9a-868d-7ff33d2f08d7','Panel solar 3kW residencial','Diseño e instalación de sistema fotovoltaico de 3kW con inversor On-Grid','PROYECTO',NULL,NULL,'Solar,Fotovoltaico',TRUE,'2026-04-10T00:58:37.855Z','2026-04-10T00:58:37.855Z');
INSERT INTO portfolio_evidences (id,"studentId",title,description,type,url,"imageUrl",tags,"isPublic","createdAt","updatedAt") VALUES ('2896abbe-3366-4c1e-b562-1be258aeeebf','b14f2bc5-20cd-4a9a-868d-7ff33d2f08d7','Certificado Manipulación Segura de Electricidad','Certificado emitido por SENCE sobre normas de seguridad eléctrica','CERTIFICADO',NULL,NULL,'Seguridad,SENCE',TRUE,'2026-04-10T00:58:37.856Z','2026-04-10T00:58:37.856Z');
INSERT INTO portfolio_evidences (id,"studentId",title,description,type,url,"imageUrl",tags,"isPublic","createdAt","updatedAt") VALUES ('24560b24-3f87-4a97-8e22-971e22ad320e','4db4cf86-c9c3-49d7-beca-7878c4a8575d','Mantenimiento preventivo 50 vehículos','Participación en campaña de mantenciones gratuitas en feria técnica del colegio','DESCRIPCION',NULL,NULL,'Mantención,Taller',TRUE,'2026-04-10T00:58:37.877Z','2026-04-10T00:58:37.877Z');
INSERT INTO portfolio_evidences (id,"studentId",title,description,type,url,"imageUrl",tags,"isPublic","createdAt","updatedAt") VALUES ('6d61ef99-fc9d-48ad-bb4b-15344c230acc','4db4cf86-c9c3-49d7-beca-7878c4a8575d','Diagnóstico y reparación motor Toyota Corolla','Práctica de diagnóstico completo con escáner OBD2 y reparación de sistema de inyección','FOTO',NULL,NULL,'OBD2,Toyota,Diagnóstico',TRUE,'2026-04-10T00:58:37.878Z','2026-04-10T00:58:37.878Z');
INSERT INTO portfolio_evidences (id,"studentId",title,description,type,url,"imageUrl",tags,"isPublic","createdAt","updatedAt") VALUES ('268b198f-c240-4458-b72e-ae6a44eb29d0','b0c006de-73c1-46ad-90bb-18e8f86358a7','Plan de negocios empresa ficticia','Desarrollo de plan de negocios completo para empresa de servicios digitales, incluyendo proyecciones financieras','PROYECTO',NULL,NULL,'Negocios,Finanzas',TRUE,'2026-04-10T00:58:37.898Z','2026-04-10T00:58:37.898Z');
INSERT INTO portfolio_evidences (id,"studentId",title,description,type,url,"imageUrl",tags,"isPublic","createdAt","updatedAt") VALUES ('5c359ea2-7213-413d-a8f2-04baad175a01','66ff06f9-e0e5-4076-bc8b-d591e5fe493b','Menú degustación 5 tiempos','Preparación y presentación de menú de autor para evento escolar de 80 comensales','FOTO',NULL,NULL,'Cocina,Evento',TRUE,'2026-04-10T00:58:37.920Z','2026-04-10T00:58:37.920Z');
INSERT INTO portfolio_evidences (id,"studentId",title,description,type,url,"imageUrl",tags,"isPublic","createdAt","updatedAt") VALUES ('f571d7f9-609f-40d6-b2ca-35d819d7e7ce','7cf669c7-5fc5-4288-8158-f116ecc298f1','Sistema de contabilidad PYME','Implementación de Softland ERP para pequeña empresa de servicios, incluyendo migración de datos','PROYECTO',NULL,NULL,'Softland,ERP,PYME',TRUE,'2026-04-10T00:58:37.939Z','2026-04-10T00:58:37.939Z');
INSERT INTO portfolio_evidences (id,"studentId",title,description,type,url,"imageUrl",tags,"isPublic","createdAt","updatedAt") VALUES ('182501b9-eb6b-4490-be5c-03bb912f8dc2','b763b1fd-84a4-4d39-9531-58d76cf24f3c','Sistema de gestión escolar web','Aplicación full-stack con React y Node.js para gestión de notas y asistencia','PROYECTO',NULL,NULL,'React,Node.js,PostgreSQL',TRUE,'2026-04-10T00:58:37.958Z','2026-04-10T00:58:37.958Z');
INSERT INTO portfolio_evidences (id,"studentId",title,description,type,url,"imageUrl",tags,"isPublic","createdAt","updatedAt") VALUES ('d783d6f7-d480-4aaf-bb45-3d3e4c742cfd','b763b1fd-84a4-4d39-9531-58d76cf24f3c','Portafolio personal','Sitio web personal con proyectos y habilidades','PROYECTO',NULL,NULL,'HTML,CSS,JavaScript',TRUE,'2026-04-10T00:58:37.959Z','2026-04-10T00:58:37.959Z');
INSERT INTO portfolio_evidences (id,"studentId",title,description,type,url,"imageUrl",tags,"isPublic","createdAt","updatedAt") VALUES ('ac673e77-876f-4364-9103-55f69a8dd354','b763b1fd-84a4-4d39-9531-58d76cf24f3c','API REST de inventario','Backend en Express con autenticación JWT y documentación Swagger','PROYECTO',NULL,NULL,'Node.js,REST,JWT',TRUE,'2026-04-10T00:58:37.961Z','2026-04-10T00:58:37.961Z');
INSERT INTO portfolio_evidences (id,"studentId",title,description,type,url,"imageUrl",tags,"isPublic","createdAt","updatedAt") VALUES ('9baf6cf5-6610-4f79-a5f7-72723d0161a4','b763b1fd-84a4-4d39-9531-58d76cf24f3c','Certificado curso Python - Platzi','Curso de fundamentos de Python y análisis de datos con pandas','CERTIFICADO',NULL,NULL,'Python,Platzi',TRUE,'2026-04-10T00:58:37.963Z','2026-04-10T00:58:37.963Z');
INSERT INTO portfolio_evidences (id,"studentId",title,description,type,url,"imageUrl",tags,"isPublic","createdAt","updatedAt") VALUES ('8639a817-d183-4e0a-b3e3-bb6961a4af76','e028ba4f-f534-4dd0-bfc5-37549315c0e0','Certificado Cisco NetAcad IT Essentials','Completado el curso oficial de Cisco sobre hardware, SO y redes básicas','CERTIFICADO',NULL,NULL,'Cisco,CompTIA',TRUE,'2026-04-10T00:58:37.986Z','2026-04-10T00:58:37.986Z');
INSERT INTO portfolio_evidences (id,"studentId",title,description,type,url,"imageUrl",tags,"isPublic","createdAt","updatedAt") VALUES ('a02d4145-45c7-4f0c-a449-3698d6c7d92b','e028ba4f-f534-4dd0-bfc5-37549315c0e0','Instalación de red Wi-Fi corporativa','Práctica real de instalación de puntos de acceso y controladora inalámbrica en colegio','FOTO',NULL,NULL,'Wi-Fi,Red',TRUE,'2026-04-10T00:58:37.988Z','2026-04-10T00:58:37.988Z');
INSERT INTO portfolio_evidences (id,"studentId",title,description,type,url,"imageUrl",tags,"isPublic","createdAt","updatedAt") VALUES ('3fad901c-62a2-4ff5-8a93-76d486a89d00','42d2bb61-8446-42ae-b8c0-120e98fbba0a','Instalación eléctrica trifásica taller','Proyecto de instalación completa de tablero trifásico para taller industrial del colegio','FOTO',NULL,NULL,'Instalación,Trifásico',TRUE,'2026-04-10T00:58:38.007Z','2026-04-10T00:58:38.007Z');
INSERT INTO portfolio_evidences (id,"studentId",title,description,type,url,"imageUrl",tags,"isPublic","createdAt","updatedAt") VALUES ('62929502-262f-41e0-b8f4-1112a2d4732f','b0620242-8137-4ec6-8385-e12241641791','Diagnóstico y reparación motor Toyota Corolla','Práctica de diagnóstico completo con escáner OBD2 y reparación de sistema de inyección','FOTO',NULL,NULL,'OBD2,Toyota,Diagnóstico',TRUE,'2026-04-10T00:58:38.023Z','2026-04-10T00:58:38.023Z');
INSERT INTO portfolio_evidences (id,"studentId",title,description,type,url,"imageUrl",tags,"isPublic","createdAt","updatedAt") VALUES ('75d124c7-a8ce-4c61-bcd3-77e1b4b92b13','b0620242-8137-4ec6-8385-e12241641791','Mantenimiento preventivo 50 vehículos','Participación en campaña de mantenciones gratuitas en feria técnica del colegio','DESCRIPCION',NULL,NULL,'Mantención,Taller',TRUE,'2026-04-10T00:58:38.024Z','2026-04-10T00:58:38.024Z');
INSERT INTO portfolio_evidences (id,"studentId",title,description,type,url,"imageUrl",tags,"isPublic","createdAt","updatedAt") VALUES ('674107cc-679a-4894-9353-043c7b9c4c6e','34b277c4-aab6-49cc-aa04-a9a92e4fd4ef','Certificado Google Digital Garage','Certificado en fundamentos de marketing digital','CERTIFICADO',NULL,NULL,'Google,Marketing',TRUE,'2026-04-10T00:58:38.041Z','2026-04-10T00:58:38.041Z');
INSERT INTO portfolio_evidences (id,"studentId",title,description,type,url,"imageUrl",tags,"isPublic","createdAt","updatedAt") VALUES ('1aa908b2-4b72-4422-bcca-2f9564e04a32','4dc3c9d1-9907-488f-acbb-c9bb7c6e11be','Menú degustación 5 tiempos','Preparación y presentación de menú de autor para evento escolar de 80 comensales','FOTO',NULL,NULL,'Cocina,Evento',TRUE,'2026-04-10T00:58:38.057Z','2026-04-10T00:58:38.057Z');
INSERT INTO portfolio_evidences (id,"studentId",title,description,type,url,"imageUrl",tags,"isPublic","createdAt","updatedAt") VALUES ('39cc5b28-b1dd-4543-8aa9-2b71537ecb07','4dc3c9d1-9907-488f-acbb-c9bb7c6e11be','Pastelería artesanal para venta','Emprendimiento personal de repostería fina con ventas por Instagram','DESCRIPCION',NULL,NULL,'Repostería,Emprendimiento',TRUE,'2026-04-10T00:58:38.059Z','2026-04-10T00:58:38.059Z');
INSERT INTO portfolio_evidences (id,"studentId",title,description,type,url,"imageUrl",tags,"isPublic","createdAt","updatedAt") VALUES ('f535c3b9-c335-4b97-ac3a-9707173ce77e','5192b675-29c5-4e74-9da3-b79fe401b062','Certificado Tributación SII - SENCE','Curso de tributación para PYMES, dictado en modalidad online por SII','CERTIFICADO',NULL,NULL,'SII,Tributación,SENCE',TRUE,'2026-04-10T00:58:38.080Z','2026-04-10T00:58:38.080Z');
INSERT INTO portfolio_evidences (id,"studentId",title,description,type,url,"imageUrl",tags,"isPublic","createdAt","updatedAt") VALUES ('f91afa22-c6a0-463f-9cc5-86b3876bad05','5192b675-29c5-4e74-9da3-b79fe401b062','Declaración de IVA y renta','Práctica supervisada de declaraciones tributarias ante el SII','DESCRIPCION',NULL,NULL,'SII,Tributación',TRUE,'2026-04-10T00:58:38.082Z','2026-04-10T00:58:38.082Z');
INSERT INTO portfolio_evidences (id,"studentId",title,description,type,url,"imageUrl",tags,"isPublic","createdAt","updatedAt") VALUES ('097c4e76-c033-416f-8e72-727b6855d19a','12334bd1-4706-43e5-92ca-0354d5880d7e','API REST de inventario','Backend en Express con autenticación JWT y documentación Swagger','PROYECTO',NULL,NULL,'Node.js,REST,JWT',TRUE,'2026-04-10T00:58:38.103Z','2026-04-10T00:58:38.103Z');
INSERT INTO portfolio_evidences (id,"studentId",title,description,type,url,"imageUrl",tags,"isPublic","createdAt","updatedAt") VALUES ('f04dc03b-1fa0-4e13-ae7e-ec41902f19db','12334bd1-4706-43e5-92ca-0354d5880d7e','Portafolio personal','Sitio web personal con proyectos y habilidades','PROYECTO',NULL,NULL,'HTML,CSS,JavaScript',TRUE,'2026-04-10T00:58:38.105Z','2026-04-10T00:58:38.105Z');
INSERT INTO portfolio_evidences (id,"studentId",title,description,type,url,"imageUrl",tags,"isPublic","createdAt","updatedAt") VALUES ('590389a9-67f2-4c9a-9c5e-51faaf5df40e','12334bd1-4706-43e5-92ca-0354d5880d7e','Certificado curso Python - Platzi','Curso de fundamentos de Python y análisis de datos con pandas','CERTIFICADO',NULL,NULL,'Python,Platzi',TRUE,'2026-04-10T00:58:38.106Z','2026-04-10T00:58:38.106Z');
INSERT INTO portfolio_evidences (id,"studentId",title,description,type,url,"imageUrl",tags,"isPublic","createdAt","updatedAt") VALUES ('55c3b32e-6690-41f3-9c4b-506bd47e76da','12334bd1-4706-43e5-92ca-0354d5880d7e','Sistema de gestión escolar web','Aplicación full-stack con React y Node.js para gestión de notas y asistencia','PROYECTO',NULL,NULL,'React,Node.js,PostgreSQL',TRUE,'2026-04-10T00:58:38.108Z','2026-04-10T00:58:38.108Z');
INSERT INTO portfolio_evidences (id,"studentId",title,description,type,url,"imageUrl",tags,"isPublic","createdAt","updatedAt") VALUES ('42b51394-7faa-4637-867f-ebebc21c88df','d4a5f308-ad45-4750-80dc-8e9fee7af8ad','Configuración de red empresarial simulada','Simulación en Packet Tracer de una red con VLANs, routing OSPF y seguridad ACL','PROYECTO',NULL,NULL,'Cisco,VLAN,OSPF',TRUE,'2026-04-10T00:58:38.124Z','2026-04-10T00:58:38.124Z');
INSERT INTO portfolio_evidences (id,"studentId",title,description,type,url,"imageUrl",tags,"isPublic","createdAt","updatedAt") VALUES ('6e8a7f47-ef8f-49c1-b189-a735b51cb9eb','d4a5f308-ad45-4750-80dc-8e9fee7af8ad','Instalación de red Wi-Fi corporativa','Práctica real de instalación de puntos de acceso y controladora inalámbrica en colegio','FOTO',NULL,NULL,'Wi-Fi,Red',TRUE,'2026-04-10T00:58:38.126Z','2026-04-10T00:58:38.126Z');
INSERT INTO portfolio_evidences (id,"studentId",title,description,type,url,"imageUrl",tags,"isPublic","createdAt","updatedAt") VALUES ('7443ca13-3749-43db-9f71-e8c910df8a19','6999449e-2625-4658-9230-f94374e6cef5','Certificado Manipulación Segura de Electricidad','Certificado emitido por SENCE sobre normas de seguridad eléctrica','CERTIFICADO',NULL,NULL,'Seguridad,SENCE',TRUE,'2026-04-10T00:58:38.145Z','2026-04-10T00:58:38.145Z');
INSERT INTO portfolio_evidences (id,"studentId",title,description,type,url,"imageUrl",tags,"isPublic","createdAt","updatedAt") VALUES ('a757a822-16c3-4cad-a0dc-64d9781126a0','8802f763-9b36-4578-b5d4-e3a3ca40db60','Mantenimiento preventivo 50 vehículos','Participación en campaña de mantenciones gratuitas en feria técnica del colegio','DESCRIPCION',NULL,NULL,'Mantención,Taller',TRUE,'2026-04-10T00:58:38.166Z','2026-04-10T00:58:38.166Z');
INSERT INTO portfolio_evidences (id,"studentId",title,description,type,url,"imageUrl",tags,"isPublic","createdAt","updatedAt") VALUES ('2b35009a-f58e-4704-89fd-0c45c9c62e58','5ddc23c0-361a-4dcc-8b71-c9081cdf641d','Plan de negocios empresa ficticia','Desarrollo de plan de negocios completo para empresa de servicios digitales, incluyendo proyecciones financieras','PROYECTO',NULL,NULL,'Negocios,Finanzas',TRUE,'2026-04-10T00:58:38.189Z','2026-04-10T00:58:38.189Z');
INSERT INTO portfolio_evidences (id,"studentId",title,description,type,url,"imageUrl",tags,"isPublic","createdAt","updatedAt") VALUES ('73081758-6e36-4527-896c-fa98656e5b40','5ddc23c0-361a-4dcc-8b71-c9081cdf641d','Certificado Google Digital Garage','Certificado en fundamentos de marketing digital','CERTIFICADO',NULL,NULL,'Google,Marketing',TRUE,'2026-04-10T00:58:38.191Z','2026-04-10T00:58:38.191Z');
INSERT INTO portfolio_evidences (id,"studentId",title,description,type,url,"imageUrl",tags,"isPublic","createdAt","updatedAt") VALUES ('0e4c8699-0d26-471c-89db-b8f0f190157a','5ddc23c0-361a-4dcc-8b71-c9081cdf641d','Campaña de marketing digital','Gestión de redes sociales y Google Ads para negocio local, aumentando ventas en 30%','DESCRIPCION',NULL,NULL,'Marketing,Redes Sociales',TRUE,'2026-04-10T00:58:38.193Z','2026-04-10T00:58:38.193Z');
INSERT INTO portfolio_evidences (id,"studentId",title,description,type,url,"imageUrl",tags,"isPublic","createdAt","updatedAt") VALUES ('42a800f5-708c-4a2d-b1ee-f872979cb81e','2271ded2-4b2c-4390-8e2f-212323dee596','Menú degustación 5 tiempos','Preparación y presentación de menú de autor para evento escolar de 80 comensales','FOTO',NULL,NULL,'Cocina,Evento',TRUE,'2026-04-10T00:58:38.220Z','2026-04-10T00:58:38.220Z');
INSERT INTO portfolio_evidences (id,"studentId",title,description,type,url,"imageUrl",tags,"isPublic","createdAt","updatedAt") VALUES ('c7da7892-6292-46d6-ab62-b70cd4f42e57','ff02214b-0ca5-4d3d-be5e-5f01489e0c28','Certificado Tributación SII - SENCE','Curso de tributación para PYMES, dictado en modalidad online por SII','CERTIFICADO',NULL,NULL,'SII,Tributación,SENCE',TRUE,'2026-04-10T00:58:38.241Z','2026-04-10T00:58:38.241Z');
INSERT INTO portfolio_evidences (id,"studentId",title,description,type,url,"imageUrl",tags,"isPublic","createdAt","updatedAt") VALUES ('7c165cbd-c9c0-42ec-b17a-949b546c0f5e','a0edcce6-aa5f-473e-9993-8598ec559a4b','Instalación de red Wi-Fi corporativa','Práctica real de instalación de puntos de acceso y controladora inalámbrica en colegio','FOTO',NULL,NULL,'Wi-Fi,Red',TRUE,'2026-04-10T00:58:38.266Z','2026-04-10T00:58:38.266Z');
INSERT INTO portfolio_evidences (id,"studentId",title,description,type,url,"imageUrl",tags,"isPublic","createdAt","updatedAt") VALUES ('454915e2-268a-4c8a-9aed-7c80b5c3e41c','08dfd987-31e0-425f-9eac-6c83414adc64','Certificado Google Digital Garage','Certificado en fundamentos de marketing digital','CERTIFICADO',NULL,NULL,'Google,Marketing',TRUE,'2026-04-10T00:58:38.297Z','2026-04-10T00:58:38.297Z');
INSERT INTO portfolio_evidences (id,"studentId",title,description,type,url,"imageUrl",tags,"isPublic","createdAt","updatedAt") VALUES ('3c45dea8-38ef-4944-b973-dec4cff862b9','362e1070-c3f6-4263-b58d-c697cccf7164','Certificado Manipulación de Alimentos','Certificado oficial SEREMI de Salud para manipulación de alimentos','CERTIFICADO',NULL,NULL,'SEREMI,Alimentos',TRUE,'2026-04-10T00:58:38.307Z','2026-04-10T00:58:38.307Z');
INSERT INTO portfolio_evidences (id,"studentId",title,description,type,url,"imageUrl",tags,"isPublic","createdAt","updatedAt") VALUES ('2966ac7e-b8cf-4fce-bf4a-97a60e57d9d1','4c0342cd-7c98-4439-94ef-7dbdfc1c5978','Sistema de contabilidad PYME','Implementación de Softland ERP para pequeña empresa de servicios, incluyendo migración de datos','PROYECTO',NULL,NULL,'Softland,ERP,PYME',TRUE,'2026-04-10T00:58:38.319Z','2026-04-10T00:58:38.319Z');
INSERT INTO portfolio_evidences (id,"studentId",title,description,type,url,"imageUrl",tags,"isPublic","createdAt","updatedAt") VALUES ('393617dd-2b6a-41df-b1d0-fb5c9a87ef3a','b52ce764-9932-4657-bf33-7d65fe473e65','Mantenimiento preventivo 50 vehículos','Participación en campaña de mantenciones gratuitas en feria técnica del colegio','DESCRIPCION',NULL,NULL,'Mantención,Taller',TRUE,'2026-04-10T00:58:38.363Z','2026-04-10T00:58:38.363Z');

-- OPPORTUNITIES (24)
INSERT INTO opportunities (id,"companyId",title,description,type,location,"isRemote",salary,requirements,skills,specialty,"startDate","endDate",deadline,"isActive","applicantsCount","createdAt","updatedAt") VALUES ('d5ef41f6-2a6f-45c8-9d8c-195b8abc13ae','8dfb66a6-5caf-47ed-a4ca-8b7578e002bf','Pasantía Desarrollador Frontend React','Buscamos estudiante de Programación para apoyar al equipo de desarrollo frontend. Trabajarás en proyectos reales usando React, TypeScript y metodologías ágiles. Mentoring directo de desarrolladores senior.','PASANTIA','Santiago, RM',TRUE,'$350.000 - $450.000 CLP',NULL,'React,JavaScript,TypeScript,Git','Programación',NULL,NULL,'2025-07-30T04:00:00.000Z',TRUE,11,'2026-04-10T00:58:38.438Z','2026-04-10T00:58:38.734Z');
INSERT INTO opportunities (id,"companyId",title,description,type,location,"isRemote",salary,requirements,skills,specialty,"startDate","endDate",deadline,"isActive","applicantsCount","createdAt","updatedAt") VALUES ('11be0280-fc1e-4aef-b4b9-d34652a78621','8dfb66a6-5caf-47ed-a4ca-8b7578e002bf','Práctica Desarrollador Backend Node.js','Oportunidad de práctica en desarrollo backend. Participarás en el diseño e implementación de APIs REST, gestión de base de datos y documentación técnica.','PRACTICA','Santiago, RM',FALSE,'$400.000 CLP',NULL,'Node.js,SQL,REST APIs,Git','Programación',NULL,NULL,'2025-08-14T04:00:00.000Z',TRUE,5,'2026-04-10T00:58:38.441Z','2026-04-10T00:58:38.696Z');
INSERT INTO opportunities (id,"companyId",title,description,type,location,"isRemote",salary,requirements,skills,specialty,"startDate","endDate",deadline,"isActive","applicantsCount","createdAt","updatedAt") VALUES ('ed0f21d9-8862-4b4d-81f7-f20f35aed171','8dfb66a6-5caf-47ed-a4ca-8b7578e002bf','Técnico Soporte IT Junior','Posición de trabajo para técnico en soporte IT. Responsable de mantención de equipos, soporte a usuarios y administración de red interna de la empresa.','TRABAJO','Santiago, RM',FALSE,'$550.000 CLP',NULL,'Linux,TCP/IP,Soporte técnico','Redes y Telecomunicaciones',NULL,NULL,NULL,TRUE,7,'2026-04-10T00:58:38.444Z','2026-04-10T00:58:38.701Z');
INSERT INTO opportunities (id,"companyId",title,description,type,location,"isRemote",salary,requirements,skills,specialty,"startDate","endDate",deadline,"isActive","applicantsCount","createdAt","updatedAt") VALUES ('1091c580-e45a-438c-bc3c-d62dc2b3f8ec','4aeb0547-48b9-48c5-8e49-b5fbaee0b2d2','Práctica Técnico Mecánico Maquinaria Pesada','Práctica profesional para técnico en mecánica. Aprenderás diagnóstico y mantención de maquinaria Caterpillar bajo supervisión de mecánicos certificados.','PRACTICA','Concepción, Biobío',FALSE,'$380.000 CLP',NULL,'Diagnóstico OBD2,Motor a explosión,Sistemas de frenos','Mecánica Automotriz',NULL,NULL,'2025-06-29T04:00:00.000Z',TRUE,9,'2026-04-10T00:58:38.445Z','2026-04-10T00:58:38.736Z');
INSERT INTO opportunities (id,"companyId",title,description,type,location,"isRemote",salary,requirements,skills,specialty,"startDate","endDate",deadline,"isActive","applicantsCount","createdAt","updatedAt") VALUES ('6840c0b3-dd84-4448-a6e8-5a85284cd0e8','4aeb0547-48b9-48c5-8e49-b5fbaee0b2d2','Pasantía Técnico Electricista Industrial','Pasantía en área de mantención eléctrica industrial. Trabajarás con tableros de control, PLC y sistemas de automatización en faenas de construcción.','PASANTIA','Concepción, Biobío',FALSE,'$300.000 - $380.000 CLP',NULL,'Automatización PLC,Instalaciones eléctricas,Tableros eléctricos','Electricidad',NULL,NULL,NULL,TRUE,7,'2026-04-10T00:58:38.447Z','2026-04-10T00:58:38.705Z');
INSERT INTO opportunities (id,"companyId",title,description,type,location,"isRemote",salary,requirements,skills,specialty,"startDate","endDate",deadline,"isActive","applicantsCount","createdAt","updatedAt") VALUES ('0f7d14df-1742-440c-ab18-41e11caab468','4aeb0547-48b9-48c5-8e49-b5fbaee0b2d2','Asistente Administrativo','Práctica en área de administración y logística. Apoyo en gestión de inventario de repuestos, control de flota y atención a clientes.','PRACTICA','Concepción, Biobío',FALSE,'$350.000 CLP',NULL,'Microsoft Excel,Gestión de inventario','Administración',NULL,NULL,NULL,TRUE,6,'2026-04-10T00:58:38.449Z','2026-04-10T00:58:38.724Z');
INSERT INTO opportunities (id,"companyId",title,description,type,location,"isRemote",salary,requirements,skills,specialty,"startDate","endDate",deadline,"isActive","applicantsCount","createdAt","updatedAt") VALUES ('6a242736-a527-4f90-8eb7-3a4e42ddbcbe','cbc33963-9bff-43c4-a00d-5822111a3408','Pasantía Área de Alimentos Preparados','Pasantía en el área de cocina y alimentos preparados de nuestra cadena. Participarás en preparación de productos, control de calidad y normas BPM.','PASANTIA','Santiago, RM',FALSE,'$320.000 CLP',NULL,'BPM (Buenas Prácticas de Manufactura),Cocina chilena,Manipulación de alimentos','Gastronomía',NULL,NULL,'2025-07-14T04:00:00.000Z',TRUE,1,'2026-04-10T00:58:38.450Z','2026-04-10T00:58:38.539Z');
INSERT INTO opportunities (id,"companyId",title,description,type,location,"isRemote",salary,requirements,skills,specialty,"startDate","endDate",deadline,"isActive","applicantsCount","createdAt","updatedAt") VALUES ('e3a4d585-ef5c-466d-980b-3f7ed456f9eb','cbc33963-9bff-43c4-a00d-5822111a3408','Práctica Administración y Logística','Práctica en gestión de inventario, recepción de mercadería y apoyo en administración de local. Experiencia real en retail de alto volumen.','PRACTICA','Santiago, RM',FALSE,'$350.000 - $400.000 CLP',NULL,'Gestión de inventario,Microsoft Excel,Atención al cliente','Administración',NULL,NULL,NULL,TRUE,5,'2026-04-10T00:58:38.452Z','2026-04-10T00:58:38.709Z');
INSERT INTO opportunities (id,"companyId",title,description,type,location,"isRemote",salary,requirements,skills,specialty,"startDate","endDate",deadline,"isActive","applicantsCount","createdAt","updatedAt") VALUES ('5a543458-8f15-4aaf-b29c-1022984f99a6','15d0d322-854c-49a7-9043-55b8e0767f3d','Pasantía Planificación Logística','Pasantía en equipo de planificación de rutas y logística de última milla. Utilizarás sistemas de gestión de flotas y análisis de datos operativos.','PASANTIA','Valparaíso',FALSE,'$330.000 CLP',NULL,'Microsoft Excel,Gestión de inventario,Comunicación efectiva','Administración',NULL,NULL,NULL,TRUE,4,'2026-04-10T00:58:38.454Z','2026-04-10T00:58:38.732Z');
INSERT INTO opportunities (id,"companyId",title,description,type,location,"isRemote",salary,requirements,skills,specialty,"startDate","endDate",deadline,"isActive","applicantsCount","createdAt","updatedAt") VALUES ('d4bf5287-219e-446b-90b1-8f8f7d45debf','15d0d322-854c-49a7-9043-55b8e0767f3d','Técnico Mantención Flota Vehicular','Trabajo de técnico en mantención preventiva y correctiva de flota de camiones y vehículos de reparto. Estabilidad laboral y crecimiento profesional.','TRABAJO','Valparaíso',FALSE,'$650.000 - $750.000 CLP',NULL,'Motor a explosión,Sistemas de frenos,Diagnóstico OBD2','Mecánica Automotriz',NULL,NULL,NULL,TRUE,6,'2026-04-10T00:58:38.455Z','2026-04-10T00:58:38.728Z');
INSERT INTO opportunities (id,"companyId",title,description,type,location,"isRemote",salary,requirements,skills,specialty,"startDate","endDate",deadline,"isActive","applicantsCount","createdAt","updatedAt") VALUES ('decdf28e-2ce6-4b7b-a6b1-db6e768788f6','c1231711-23df-4737-b9f2-362496f26a06','Pasantía Cocina Fría y Caliente','Pasantía en cocina de restaurante premiado. Rotación por todas las partidas: garde manger, salsas, postres y coordinación de eventos. Aprendizaje acelerado.','PASANTIA','Santiago, RM',FALSE,'$350.000 - $420.000 CLP',NULL,'Cocina chilena,Cocina de autor,Trabajo bajo presión,Creatividad','Gastronomía',NULL,NULL,'2025-07-31T04:00:00.000Z',TRUE,4,'2026-04-10T00:58:38.457Z','2026-04-10T00:58:38.730Z');
INSERT INTO opportunities (id,"companyId",title,description,type,location,"isRemote",salary,requirements,skills,specialty,"startDate","endDate",deadline,"isActive","applicantsCount","createdAt","updatedAt") VALUES ('3800f247-9ba1-4150-a914-ab4c78121e70','c1231711-23df-4737-b9f2-362496f26a06','Ayudante de Pastelero','Posición de trabajo para ayudante en área de pastelería. Producción de postres artesanales, chocolatería y panadería fina. Turno fijo.','TRABAJO','Santiago, RM',FALSE,'$500.000 CLP',NULL,'Pastelería y repostería,Atención al detalle,BPM (Buenas Prácticas de Manufactura)','Gastronomía',NULL,NULL,NULL,TRUE,3,'2026-04-10T00:58:38.459Z','2026-04-10T00:58:38.669Z');
INSERT INTO opportunities (id,"companyId",title,description,type,location,"isRemote",salary,requirements,skills,specialty,"startDate","endDate",deadline,"isActive","applicantsCount","createdAt","updatedAt") VALUES ('cd417667-82ca-4f08-9964-831e8fd08217','c60cef6a-dfa0-4604-a930-a032903fc4f3','Práctica Instalaciones Solares Fotovoltaicas','Práctica en instalación y puesta en marcha de sistemas solares fotovoltaicos residenciales e industriales. Empresa en pleno crecimiento del sector energético.','PRACTICA','Santiago, RM',FALSE,'$380.000 - $450.000 CLP',NULL,'Energía solar FV,Instalaciones eléctricas,Normativa SEC','Electricidad',NULL,NULL,'2025-09-29T03:00:00.000Z',TRUE,6,'2026-04-10T00:58:38.460Z','2026-04-10T00:58:38.711Z');
INSERT INTO opportunities (id,"companyId",title,description,type,location,"isRemote",salary,requirements,skills,specialty,"startDate","endDate",deadline,"isActive","applicantsCount","createdAt","updatedAt") VALUES ('36836f1f-f8bc-4ade-8635-df149880f9e6','c60cef6a-dfa0-4604-a930-a032903fc4f3','Técnico Electricista Industrial','Técnico electricista para mantención de tableros industriales, motores y sistemas de control. Requiere conocimientos en PLC y automatización.','TRABAJO','Santiago, RM',FALSE,'$700.000 - $900.000 CLP',NULL,'Automatización PLC,Tableros eléctricos,Instalaciones eléctricas','Electricidad',NULL,NULL,NULL,TRUE,4,'2026-04-10T00:58:38.462Z','2026-04-10T00:58:38.721Z');
INSERT INTO opportunities (id,"companyId",title,description,type,location,"isRemote",salary,requirements,skills,specialty,"startDate","endDate",deadline,"isActive","applicantsCount","createdAt","updatedAt") VALUES ('143afe6d-8a7c-4a8b-a991-f6aec8a79e24','c60cef6a-dfa0-4604-a930-a032903fc4f3','Pasantía Domótica y Automatización','Proyecto de pasantía en instalación de sistemas de domótica y automatización residencial. Tecnologías: KNX, Zigbee, Home Assistant.','PASANTIA','Santiago, RM',FALSE,'$300.000 CLP',NULL,'Automatización PLC,Instalaciones eléctricas,Resolución de problemas','Electricidad',NULL,NULL,NULL,TRUE,3,'2026-04-10T00:58:38.464Z','2026-04-10T00:58:38.703Z');
INSERT INTO opportunities (id,"companyId",title,description,type,location,"isRemote",salary,requirements,skills,specialty,"startDate","endDate",deadline,"isActive","applicantsCount","createdAt","updatedAt") VALUES ('77b6289e-6a6f-4c63-ae0b-10585b9f849c','6cc475c7-9f66-40a3-94b9-6da69f2dfaf9','Pasantía Infraestructura de Redes','Pasantía en área de infraestructura. Participarás en proyectos de instalación de redes empresariales, configuración de switches/routers Cisco y soporte técnico.','PASANTIA','Santiago, RM',FALSE,'$350.000 CLP',NULL,'Cisco IOS,VLANs,TCP/IP,Cableado estructurado','Redes y Telecomunicaciones',NULL,NULL,'2025-07-30T04:00:00.000Z',TRUE,5,'2026-04-10T00:58:38.465Z','2026-04-10T00:58:38.671Z');
INSERT INTO opportunities (id,"companyId",title,description,type,location,"isRemote",salary,requirements,skills,specialty,"startDate","endDate",deadline,"isActive","applicantsCount","createdAt","updatedAt") VALUES ('d01033be-f7ad-4f70-988a-e685e8685244','6cc475c7-9f66-40a3-94b9-6da69f2dfaf9','Técnico Soporte IT y Redes','Trabajo de técnico en soporte IT para clientes corporativos. Resolución de incidentes, gestión de tickets y mantención de infraestructura de red.','TRABAJO','Santiago, RM',FALSE,'$580.000 - $680.000 CLP',NULL,'TCP/IP,Linux,Firewall/Seguridad,Pensamiento analítico','Redes y Telecomunicaciones',NULL,NULL,NULL,TRUE,8,'2026-04-10T00:58:38.467Z','2026-04-10T00:58:38.677Z');
INSERT INTO opportunities (id,"companyId",title,description,type,location,"isRemote",salary,requirements,skills,specialty,"startDate","endDate",deadline,"isActive","applicantsCount","createdAt","updatedAt") VALUES ('d2c51aa5-178d-4373-8bf7-f04c076f128c','6bdcc78f-e275-46c1-8fc0-1e08e27e7001','Práctica Contabilidad y Tributación','Práctica en área contable de firma de consultoría. Apoyo en confección de estados financieros, declaraciones de impuestos y asesoría tributaria a clientes PYME.','PRACTICA','Santiago, RM',TRUE,'$360.000 CLP',NULL,'Contabilidad general,Tributación SII,Excel avanzado,Software ERP (Softland)','Contabilidad',NULL,NULL,'2025-08-30T04:00:00.000Z',TRUE,5,'2026-04-10T00:58:38.469Z','2026-04-10T00:58:38.722Z');
INSERT INTO opportunities (id,"companyId",title,description,type,location,"isRemote",salary,requirements,skills,specialty,"startDate","endDate",deadline,"isActive","applicantsCount","createdAt","updatedAt") VALUES ('3c498973-4b82-49f1-926e-312fb32f38de','6bdcc78f-e275-46c1-8fc0-1e08e27e7001','Asistente Administrativo y RRHH','Práctica en gestión de recursos humanos y administración de oficina. Reclutamiento, nóminas, contratos y apoyo en gestión documental.','PRACTICA','Santiago, RM',FALSE,'$340.000 - $380.000 CLP',NULL,'Recursos Humanos,Microsoft Excel,Gestión del tiempo','Administración',NULL,NULL,NULL,TRUE,1,'2026-04-10T00:58:38.471Z','2026-04-10T00:58:38.653Z');
INSERT INTO opportunities (id,"companyId",title,description,type,location,"isRemote",salary,requirements,skills,specialty,"startDate","endDate",deadline,"isActive","applicantsCount","createdAt","updatedAt") VALUES ('a1f323b2-7c5d-40d2-8649-9105d60c535c','6bdcc78f-e275-46c1-8fc0-1e08e27e7001','Proyecto Auditoría Interna PYME','Proyecto de 3 meses para auditoría interna de procesos contables en empresa cliente. Trabajo real con impacto directo.','PROYECTO','Santiago, RM',TRUE,'$400.000 CLP',NULL,'Auditoría,Contabilidad general,Pensamiento analítico','Contabilidad',NULL,NULL,NULL,TRUE,1,'2026-04-10T00:58:38.473Z','2026-04-10T00:58:38.707Z');
INSERT INTO opportunities (id,"companyId",title,description,type,location,"isRemote",salary,requirements,skills,specialty,"startDate","endDate",deadline,"isActive","applicantsCount","createdAt","updatedAt") VALUES ('14d785f0-0915-4765-a725-3db8fd895c6d','bf3db404-807f-4233-ace3-ef592d5758d1','Pasantía Taller Servicio Técnico Toyota','Pasantía en taller Toyota. Aprenderás diagnóstico computarizado, mantención preventiva y sistema de garantías bajo supervisión de mecánicos certificados.','PASANTIA','Rancagua, O''Higgins',FALSE,'$320.000 - $380.000 CLP',NULL,'Diagnóstico OBD2,Motor a explosión,Vehículos híbridos','Mecánica Automotriz',NULL,NULL,'2025-06-29T04:00:00.000Z',TRUE,4,'2026-04-10T00:58:38.475Z','2026-04-10T00:58:38.618Z');
INSERT INTO opportunities (id,"companyId",title,description,type,location,"isRemote",salary,requirements,skills,specialty,"startDate","endDate",deadline,"isActive","applicantsCount","createdAt","updatedAt") VALUES ('73cfaa53-4ccf-4427-80d5-6510f22c16f3','bf3db404-807f-4233-ace3-ef592d5758d1','Técnico Mecánico Automotriz','Técnico mecánico para taller multimarca. Experiencia en diagnóstico y reparación de vehículos de diferentes marcas. Beneficios: uniforme, alimentación y seguro.','TRABAJO','Rancagua, O''Higgins',FALSE,'$650.000 - $800.000 CLP',NULL,'Diagnóstico OBD2,Transmisión automática,Sistemas de frenos,Soldadura MIG','Mecánica Automotriz',NULL,NULL,NULL,TRUE,5,'2026-04-10T00:58:38.478Z','2026-04-10T00:58:38.713Z');
INSERT INTO opportunities (id,"companyId",title,description,type,location,"isRemote",salary,requirements,skills,specialty,"startDate","endDate",deadline,"isActive","applicantsCount","createdAt","updatedAt") VALUES ('a184493a-5165-4b31-9ed7-8a41fda25388','4a9cb19b-4d9c-4f9b-954c-1b3a0aead20f','Pasantía Desarrollo Aplicación Móvil','Pasantía en startup de desarrollo mobile. Participarás en el desarrollo de una app React Native para cliente del sector fintech. Ambiente dinámico y aprendizaje continuo.','PASANTIA','Santiago, RM',TRUE,'$380.000 - $480.000 CLP',NULL,'JavaScript,React,Git,Trabajo en equipo','Programación',NULL,NULL,'2025-07-14T04:00:00.000Z',TRUE,2,'2026-04-10T00:58:38.479Z','2026-04-10T00:58:38.640Z');
INSERT INTO opportunities (id,"companyId",title,description,type,location,"isRemote",salary,requirements,skills,specialty,"startDate","endDate",deadline,"isActive","applicantsCount","createdAt","updatedAt") VALUES ('dfe5631a-a9bc-4549-a3d9-58d627675844','4a9cb19b-4d9c-4f9b-954c-1b3a0aead20f','Proyecto Automatización con Python','Proyecto de 2 meses para automatizar procesos de un cliente usando Python y scripts de integración. Trabajo 100% remoto con reuniones diarias.','PROYECTO','Santiago, RM',TRUE,'$400.000 CLP',NULL,'Python,REST APIs,SQL','Programación',NULL,NULL,NULL,TRUE,4,'2026-04-10T00:58:38.481Z','2026-04-10T00:58:38.657Z');

-- APPLICATIONS (116)
INSERT INTO applications (id,"studentId","opportunityId",status,"coverLetter",notes,"createdAt","updatedAt") VALUES ('7bd5c521-6ca0-4205-9cc2-13890f2ada0d','6a86e330-41c3-4ce2-a414-70142d685da9','5a543458-8f15-4aaf-b29c-1022984f99a6','ACEPTADO','Me interesa mucho esta oportunidad ya que se alinea perfectamente con mi especialidad y mis objetivos profesionales. Tengo experiencia práctica adquirida durante mi formación técnica y estoy buscando dar el siguiente paso en mi carrera.',NULL,'2026-04-10T00:58:38.483Z','2026-04-10T00:58:38.483Z');
INSERT INTO applications (id,"studentId","opportunityId",status,"coverLetter",notes,"createdAt","updatedAt") VALUES ('064b418c-df80-4fd8-b45e-1dfb23991b03','6a86e330-41c3-4ce2-a414-70142d685da9','0f7d14df-1742-440c-ab18-41e11caab468','ENTREVISTA','Estimado equipo, me dirijo a ustedes para postular a esta oportunidad. Soy estudiante de Programación en el Centro Educacional Cardenal José María Caro y estoy convencido de que mis habilidades y motivación pueden aportar valor a su empresa. He desarrollado proyectos en el área y cuento con habilidades validadas por mi institución. Quedo a disposición para una entrevista.',NULL,'2026-04-10T00:58:38.488Z','2026-04-10T00:58:38.488Z');
INSERT INTO applications (id,"studentId","opportunityId",status,"coverLetter",notes,"createdAt","updatedAt") VALUES ('b04aed1d-1b75-4d48-8e60-43000cc7aafb','6a86e330-41c3-4ce2-a414-70142d685da9','73cfaa53-4ccf-4427-80d5-6510f22c16f3','RECHAZADO','Junto con saludar, quiero expresar mi interés en la oferta publicada. Durante mi formación técnica he adquirido competencias sólidas en Programación y tengo ganas de aplicarlas en un entorno profesional real. Soy responsable, proactivo y me adapto rápidamente a nuevos desafíos.',NULL,'2026-04-10T00:58:38.492Z','2026-04-10T00:58:38.492Z');
INSERT INTO applications (id,"studentId","opportunityId",status,"coverLetter",notes,"createdAt","updatedAt") VALUES ('ed4a7b12-78c7-46e6-aede-58b411d39b0f','6a86e330-41c3-4ce2-a414-70142d685da9','d4bf5287-219e-446b-90b1-8f8f7d45debf','ACEPTADO','Estimado equipo, me dirijo a ustedes para postular a esta oportunidad. Soy estudiante de Programación en el Centro Educacional Cardenal José María Caro y estoy convencido de que mis habilidades y motivación pueden aportar valor a su empresa. He desarrollado proyectos en el área y cuento con habilidades validadas por mi institución. Quedo a disposición para una entrevista.',NULL,'2026-04-10T00:58:38.494Z','2026-04-10T00:58:38.494Z');
INSERT INTO applications (id,"studentId","opportunityId",status,"coverLetter",notes,"createdAt","updatedAt") VALUES ('cfa32bdf-a7de-4e4c-9efb-de5485ada11c','6a86e330-41c3-4ce2-a414-70142d685da9','d5ef41f6-2a6f-45c8-9d8c-195b8abc13ae','ENTREVISTA','Junto con saludar, quiero expresar mi interés en la oferta publicada. Durante mi formación técnica he adquirido competencias sólidas en Programación y tengo ganas de aplicarlas en un entorno profesional real. Soy responsable, proactivo y me adapto rápidamente a nuevos desafíos.',NULL,'2026-04-10T00:58:38.496Z','2026-04-10T00:58:38.496Z');
INSERT INTO applications (id,"studentId","opportunityId",status,"coverLetter",notes,"createdAt","updatedAt") VALUES ('eb918757-b63e-4654-ba2a-afa8d2e7cd7c','2a3191b3-3e7d-4f3e-ac69-d7537b184ea5','d5ef41f6-2a6f-45c8-9d8c-195b8abc13ae','ENTREVISTA','Me interesa mucho esta oportunidad ya que se alinea perfectamente con mi especialidad y mis objetivos profesionales. Tengo experiencia práctica adquirida durante mi formación técnica y estoy buscando dar el siguiente paso en mi carrera.',NULL,'2026-04-10T00:58:38.498Z','2026-04-10T00:58:38.498Z');
INSERT INTO applications (id,"studentId","opportunityId",status,"coverLetter",notes,"createdAt","updatedAt") VALUES ('24e4a85e-c169-4b3c-8f86-ecb162c79409','2a3191b3-3e7d-4f3e-ac69-d7537b184ea5','77b6289e-6a6f-4c63-ae0b-10585b9f849c','PENDIENTE','Me interesa mucho esta oportunidad ya que se alinea perfectamente con mi especialidad y mis objetivos profesionales. Tengo experiencia práctica adquirida durante mi formación técnica y estoy buscando dar el siguiente paso en mi carrera.',NULL,'2026-04-10T00:58:38.500Z','2026-04-10T00:58:38.500Z');
INSERT INTO applications (id,"studentId","opportunityId",status,"coverLetter",notes,"createdAt","updatedAt") VALUES ('54cc1610-1a40-4c71-bebc-af266cab1b4b','2a3191b3-3e7d-4f3e-ac69-d7537b184ea5','d01033be-f7ad-4f70-988a-e685e8685244','ACEPTADO','Junto con saludar, quiero expresar mi interés en la oferta publicada. Durante mi formación técnica he adquirido competencias sólidas en Redes y Telecomunicaciones y tengo ganas de aplicarlas en un entorno profesional real. Soy responsable, proactivo y me adapto rápidamente a nuevos desafíos.',NULL,'2026-04-10T00:58:38.502Z','2026-04-10T00:58:38.502Z');
INSERT INTO applications (id,"studentId","opportunityId",status,"coverLetter",notes,"createdAt","updatedAt") VALUES ('da3e6e98-ebba-44bb-872f-02c81d046bdf','a9faa1af-3daa-4152-8da3-d0e9bf4fadcd','d4bf5287-219e-446b-90b1-8f8f7d45debf','ACEPTADO','Estimado equipo, me dirijo a ustedes para postular a esta oportunidad. Soy estudiante de Electricidad en el Centro Educacional Cardenal José María Caro y estoy convencido de que mis habilidades y motivación pueden aportar valor a su empresa. He desarrollado proyectos en el área y cuento con habilidades validadas por mi institución. Quedo a disposición para una entrevista.',NULL,'2026-04-10T00:58:38.504Z','2026-04-10T00:58:38.504Z');
INSERT INTO applications (id,"studentId","opportunityId",status,"coverLetter",notes,"createdAt","updatedAt") VALUES ('cc7c430d-382a-4dbb-bf90-f4704e417f3c','a9faa1af-3daa-4152-8da3-d0e9bf4fadcd','11be0280-fc1e-4aef-b4b9-d34652a78621','ENTREVISTA','Estimado equipo, me dirijo a ustedes para postular a esta oportunidad. Soy estudiante de Electricidad en el Centro Educacional Cardenal José María Caro y estoy convencido de que mis habilidades y motivación pueden aportar valor a su empresa. He desarrollado proyectos en el área y cuento con habilidades validadas por mi institución. Quedo a disposición para una entrevista.',NULL,'2026-04-10T00:58:38.507Z','2026-04-10T00:58:38.507Z');
INSERT INTO applications (id,"studentId","opportunityId",status,"coverLetter",notes,"createdAt","updatedAt") VALUES ('bbe96943-a3f1-43ea-b419-f3166019f4bb','a9faa1af-3daa-4152-8da3-d0e9bf4fadcd','ed0f21d9-8862-4b4d-81f7-f20f35aed171','PENDIENTE','Junto con saludar, quiero expresar mi interés en la oferta publicada. Durante mi formación técnica he adquirido competencias sólidas en Electricidad y tengo ganas de aplicarlas en un entorno profesional real. Soy responsable, proactivo y me adapto rápidamente a nuevos desafíos.',NULL,'2026-04-10T00:58:38.509Z','2026-04-10T00:58:38.509Z');
INSERT INTO applications (id,"studentId","opportunityId",status,"coverLetter",notes,"createdAt","updatedAt") VALUES ('d7556f1e-54c7-49da-9e0f-e0178c6d03eb','a9faa1af-3daa-4152-8da3-d0e9bf4fadcd','d01033be-f7ad-4f70-988a-e685e8685244','PENDIENTE','Me interesa mucho esta oportunidad ya que se alinea perfectamente con mi especialidad y mis objetivos profesionales. Tengo experiencia práctica adquirida durante mi formación técnica y estoy buscando dar el siguiente paso en mi carrera.',NULL,'2026-04-10T00:58:38.511Z','2026-04-10T00:58:38.511Z');
INSERT INTO applications (id,"studentId","opportunityId",status,"coverLetter",notes,"createdAt","updatedAt") VALUES ('0614d4f7-7492-43fc-815f-ad9a6c79957d','3ae67e46-56b1-443c-8fbc-3bb7bb8b1c4a','1091c580-e45a-438c-bc3c-d62dc2b3f8ec','EN_REVISION','Estimado equipo, me dirijo a ustedes para postular a esta oportunidad. Soy estudiante de Mecánica Automotriz en el Centro Educacional Cardenal José María Caro y estoy convencido de que mis habilidades y motivación pueden aportar valor a su empresa. He desarrollado proyectos en el área y cuento con habilidades validadas por mi institución. Quedo a disposición para una entrevista.',NULL,'2026-04-10T00:58:38.513Z','2026-04-10T00:58:38.513Z');
INSERT INTO applications (id,"studentId","opportunityId",status,"coverLetter",notes,"createdAt","updatedAt") VALUES ('3a87bcc8-85f3-4364-9889-580b49c9f3fd','3ae67e46-56b1-443c-8fbc-3bb7bb8b1c4a','14d785f0-0915-4765-a725-3db8fd895c6d','PENDIENTE','Me interesa mucho esta oportunidad ya que se alinea perfectamente con mi especialidad y mis objetivos profesionales. Tengo experiencia práctica adquirida durante mi formación técnica y estoy buscando dar el siguiente paso en mi carrera.',NULL,'2026-04-10T00:58:38.515Z','2026-04-10T00:58:38.515Z');
INSERT INTO applications (id,"studentId","opportunityId",status,"coverLetter",notes,"createdAt","updatedAt") VALUES ('1b97d36b-666c-4c24-a3c0-cdabe6654766','3ae67e46-56b1-443c-8fbc-3bb7bb8b1c4a','73cfaa53-4ccf-4427-80d5-6510f22c16f3','EN_REVISION','Estimado equipo, me dirijo a ustedes para postular a esta oportunidad. Soy estudiante de Mecánica Automotriz en el Centro Educacional Cardenal José María Caro y estoy convencido de que mis habilidades y motivación pueden aportar valor a su empresa. He desarrollado proyectos en el área y cuento con habilidades validadas por mi institución. Quedo a disposición para una entrevista.',NULL,'2026-04-10T00:58:38.517Z','2026-04-10T00:58:38.517Z');
INSERT INTO applications (id,"studentId","opportunityId",status,"coverLetter",notes,"createdAt","updatedAt") VALUES ('7f1f790f-35fa-468b-b802-791c544ffa82','3ae67e46-56b1-443c-8fbc-3bb7bb8b1c4a','d4bf5287-219e-446b-90b1-8f8f7d45debf','ENTREVISTA','Estimado equipo, me dirijo a ustedes para postular a esta oportunidad. Soy estudiante de Mecánica Automotriz en el Centro Educacional Cardenal José María Caro y estoy convencido de que mis habilidades y motivación pueden aportar valor a su empresa. He desarrollado proyectos en el área y cuento con habilidades validadas por mi institución. Quedo a disposición para una entrevista.',NULL,'2026-04-10T00:58:38.519Z','2026-04-10T00:58:38.519Z');
INSERT INTO applications (id,"studentId","opportunityId",status,"coverLetter",notes,"createdAt","updatedAt") VALUES ('65ab15f9-7923-4cc3-818f-3156600e9942','6c6009ba-6aaa-4d19-baf1-ed6c6032cc93','14d785f0-0915-4765-a725-3db8fd895c6d','ENTREVISTA','Estimado equipo, me dirijo a ustedes para postular a esta oportunidad. Soy estudiante de Administración en el Centro Educacional Cardenal José María Caro y estoy convencido de que mis habilidades y motivación pueden aportar valor a su empresa. He desarrollado proyectos en el área y cuento con habilidades validadas por mi institución. Quedo a disposición para una entrevista.',NULL,'2026-04-10T00:58:38.521Z','2026-04-10T00:58:38.521Z');
INSERT INTO applications (id,"studentId","opportunityId",status,"coverLetter",notes,"createdAt","updatedAt") VALUES ('40ecf0e4-65f8-49e9-ad5d-39224005ccaf','6c6009ba-6aaa-4d19-baf1-ed6c6032cc93','e3a4d585-ef5c-466d-980b-3f7ed456f9eb','RECHAZADO','Estimado equipo, me dirijo a ustedes para postular a esta oportunidad. Soy estudiante de Administración en el Centro Educacional Cardenal José María Caro y estoy convencido de que mis habilidades y motivación pueden aportar valor a su empresa. He desarrollado proyectos en el área y cuento con habilidades validadas por mi institución. Quedo a disposición para una entrevista.',NULL,'2026-04-10T00:58:38.523Z','2026-04-10T00:58:38.523Z');
INSERT INTO applications (id,"studentId","opportunityId",status,"coverLetter",notes,"createdAt","updatedAt") VALUES ('a0c98278-7335-4828-8a82-460aa2939883','6c6009ba-6aaa-4d19-baf1-ed6c6032cc93','cd417667-82ca-4f08-9964-831e8fd08217','ACEPTADO','Me interesa mucho esta oportunidad ya que se alinea perfectamente con mi especialidad y mis objetivos profesionales. Tengo experiencia práctica adquirida durante mi formación técnica y estoy buscando dar el siguiente paso en mi carrera.',NULL,'2026-04-10T00:58:38.525Z','2026-04-10T00:58:38.525Z');
INSERT INTO applications (id,"studentId","opportunityId",status,"coverLetter",notes,"createdAt","updatedAt") VALUES ('c6964f01-3ac2-42ca-9866-b0d80a47af07','6c6009ba-6aaa-4d19-baf1-ed6c6032cc93','d01033be-f7ad-4f70-988a-e685e8685244','RECHAZADO','Estimado equipo, me dirijo a ustedes para postular a esta oportunidad. Soy estudiante de Administración en el Centro Educacional Cardenal José María Caro y estoy convencido de que mis habilidades y motivación pueden aportar valor a su empresa. He desarrollado proyectos en el área y cuento con habilidades validadas por mi institución. Quedo a disposición para una entrevista.',NULL,'2026-04-10T00:58:38.528Z','2026-04-10T00:58:38.528Z');
INSERT INTO applications (id,"studentId","opportunityId",status,"coverLetter",notes,"createdAt","updatedAt") VALUES ('96a0ad37-8d8a-4a0e-83be-6e3b675b8f26','6c6009ba-6aaa-4d19-baf1-ed6c6032cc93','0f7d14df-1742-440c-ab18-41e11caab468','PENDIENTE','Junto con saludar, quiero expresar mi interés en la oferta publicada. Durante mi formación técnica he adquirido competencias sólidas en Administración y tengo ganas de aplicarlas en un entorno profesional real. Soy responsable, proactivo y me adapto rápidamente a nuevos desafíos.',NULL,'2026-04-10T00:58:38.530Z','2026-04-10T00:58:38.530Z');
INSERT INTO applications (id,"studentId","opportunityId",status,"coverLetter",notes,"createdAt","updatedAt") VALUES ('e5e8c976-72bf-4da0-aa45-4f3c80716f83','8fe8c249-fca5-4b90-90d6-a8abea1d2fb9','73cfaa53-4ccf-4427-80d5-6510f22c16f3','ENTREVISTA','Me interesa mucho esta oportunidad ya que se alinea perfectamente con mi especialidad y mis objetivos profesionales. Tengo experiencia práctica adquirida durante mi formación técnica y estoy buscando dar el siguiente paso en mi carrera.',NULL,'2026-04-10T00:58:38.532Z','2026-04-10T00:58:38.532Z');
INSERT INTO applications (id,"studentId","opportunityId",status,"coverLetter",notes,"createdAt","updatedAt") VALUES ('2fc8f5e4-cd39-498f-8449-b08001f6a365','8fe8c249-fca5-4b90-90d6-a8abea1d2fb9','6840c0b3-dd84-4448-a6e8-5a85284cd0e8','EN_REVISION','Me interesa mucho esta oportunidad ya que se alinea perfectamente con mi especialidad y mis objetivos profesionales. Tengo experiencia práctica adquirida durante mi formación técnica y estoy buscando dar el siguiente paso en mi carrera.',NULL,'2026-04-10T00:58:38.535Z','2026-04-10T00:58:38.535Z');
INSERT INTO applications (id,"studentId","opportunityId",status,"coverLetter",notes,"createdAt","updatedAt") VALUES ('ffa6f0aa-6fc4-444c-9477-19d63d80fcb7','8fe8c249-fca5-4b90-90d6-a8abea1d2fb9','6a242736-a527-4f90-8eb7-3a4e42ddbcbe','ENTREVISTA','Estimado equipo, me dirijo a ustedes para postular a esta oportunidad. Soy estudiante de Gastronomía en el Centro Educacional Cardenal José María Caro y estoy convencido de que mis habilidades y motivación pueden aportar valor a su empresa. He desarrollado proyectos en el área y cuento con habilidades validadas por mi institución. Quedo a disposición para una entrevista.',NULL,'2026-04-10T00:58:38.537Z','2026-04-10T00:58:38.537Z');
INSERT INTO applications (id,"studentId","opportunityId",status,"coverLetter",notes,"createdAt","updatedAt") VALUES ('ee89099c-a922-4d56-8cb7-84f488d9dfd5','8fe8c249-fca5-4b90-90d6-a8abea1d2fb9','decdf28e-2ce6-4b7b-a6b1-db6e768788f6','PENDIENTE','Junto con saludar, quiero expresar mi interés en la oferta publicada. Durante mi formación técnica he adquirido competencias sólidas en Gastronomía y tengo ganas de aplicarlas en un entorno profesional real. Soy responsable, proactivo y me adapto rápidamente a nuevos desafíos.',NULL,'2026-04-10T00:58:38.539Z','2026-04-10T00:58:38.539Z');
INSERT INTO applications (id,"studentId","opportunityId",status,"coverLetter",notes,"createdAt","updatedAt") VALUES ('302b7f23-a37f-446e-91a4-4aab10671a66','7a6db892-88e1-4f3f-a935-64aed6e3b05e','6840c0b3-dd84-4448-a6e8-5a85284cd0e8','EN_REVISION','Junto con saludar, quiero expresar mi interés en la oferta publicada. Durante mi formación técnica he adquirido competencias sólidas en Contabilidad y tengo ganas de aplicarlas en un entorno profesional real. Soy responsable, proactivo y me adapto rápidamente a nuevos desafíos.',NULL,'2026-04-10T00:58:38.541Z','2026-04-10T00:58:38.541Z');
INSERT INTO applications (id,"studentId","opportunityId",status,"coverLetter",notes,"createdAt","updatedAt") VALUES ('7b19ddb6-a84e-4df8-9062-f0df392f7314','7a6db892-88e1-4f3f-a935-64aed6e3b05e','decdf28e-2ce6-4b7b-a6b1-db6e768788f6','PENDIENTE','Me interesa mucho esta oportunidad ya que se alinea perfectamente con mi especialidad y mis objetivos profesionales. Tengo experiencia práctica adquirida durante mi formación técnica y estoy buscando dar el siguiente paso en mi carrera.',NULL,'2026-04-10T00:58:38.543Z','2026-04-10T00:58:38.543Z');
INSERT INTO applications (id,"studentId","opportunityId",status,"coverLetter",notes,"createdAt","updatedAt") VALUES ('fa707413-6742-48d6-b71f-d69348264a98','05028e09-e960-4ae4-9aee-811051e6814a','d5ef41f6-2a6f-45c8-9d8c-195b8abc13ae','PENDIENTE','Estimado equipo, me dirijo a ustedes para postular a esta oportunidad. Soy estudiante de Programación en el Centro Educacional Cardenal José María Caro y estoy convencido de que mis habilidades y motivación pueden aportar valor a su empresa. He desarrollado proyectos en el área y cuento con habilidades validadas por mi institución. Quedo a disposición para una entrevista.',NULL,'2026-04-10T00:58:38.545Z','2026-04-10T00:58:38.545Z');
INSERT INTO applications (id,"studentId","opportunityId",status,"coverLetter",notes,"createdAt","updatedAt") VALUES ('c1384a12-4cfe-42d1-a04c-b7cbbfae6b0a','05028e09-e960-4ae4-9aee-811051e6814a','11be0280-fc1e-4aef-b4b9-d34652a78621','RECHAZADO','Estimado equipo, me dirijo a ustedes para postular a esta oportunidad. Soy estudiante de Programación en el Centro Educacional Cardenal José María Caro y estoy convencido de que mis habilidades y motivación pueden aportar valor a su empresa. He desarrollado proyectos en el área y cuento con habilidades validadas por mi institución. Quedo a disposición para una entrevista.',NULL,'2026-04-10T00:58:38.547Z','2026-04-10T00:58:38.547Z');
INSERT INTO applications (id,"studentId","opportunityId",status,"coverLetter",notes,"createdAt","updatedAt") VALUES ('5dbe2ad7-db34-4ae8-9120-f105daec3dcf','05028e09-e960-4ae4-9aee-811051e6814a','6840c0b3-dd84-4448-a6e8-5a85284cd0e8','PENDIENTE','Junto con saludar, quiero expresar mi interés en la oferta publicada. Durante mi formación técnica he adquirido competencias sólidas en Programación y tengo ganas de aplicarlas en un entorno profesional real. Soy responsable, proactivo y me adapto rápidamente a nuevos desafíos.',NULL,'2026-04-10T00:58:38.549Z','2026-04-10T00:58:38.549Z');
INSERT INTO applications (id,"studentId","opportunityId",status,"coverLetter",notes,"createdAt","updatedAt") VALUES ('39f781bb-137d-4fd9-b2b9-c818254429e9','05028e09-e960-4ae4-9aee-811051e6814a','d01033be-f7ad-4f70-988a-e685e8685244','PENDIENTE','Estimado equipo, me dirijo a ustedes para postular a esta oportunidad. Soy estudiante de Programación en el Centro Educacional Cardenal José María Caro y estoy convencido de que mis habilidades y motivación pueden aportar valor a su empresa. He desarrollado proyectos en el área y cuento con habilidades validadas por mi institución. Quedo a disposición para una entrevista.',NULL,'2026-04-10T00:58:38.551Z','2026-04-10T00:58:38.551Z');
INSERT INTO applications (id,"studentId","opportunityId",status,"coverLetter",notes,"createdAt","updatedAt") VALUES ('f174caca-36e8-48ba-befc-589959993331','d74deed2-9838-40cb-8e21-50d58c03c523','11be0280-fc1e-4aef-b4b9-d34652a78621','ENTREVISTA','Estimado equipo, me dirijo a ustedes para postular a esta oportunidad. Soy estudiante de Redes y Telecomunicaciones en el Centro Educacional Cardenal José María Caro y estoy convencido de que mis habilidades y motivación pueden aportar valor a su empresa. He desarrollado proyectos en el área y cuento con habilidades validadas por mi institución. Quedo a disposición para una entrevista.',NULL,'2026-04-10T00:58:38.553Z','2026-04-10T00:58:38.553Z');
INSERT INTO applications (id,"studentId","opportunityId",status,"coverLetter",notes,"createdAt","updatedAt") VALUES ('e8652715-31c8-4f77-8fda-bf9ef45bea34','d74deed2-9838-40cb-8e21-50d58c03c523','77b6289e-6a6f-4c63-ae0b-10585b9f849c','ENTREVISTA','Me interesa mucho esta oportunidad ya que se alinea perfectamente con mi especialidad y mis objetivos profesionales. Tengo experiencia práctica adquirida durante mi formación técnica y estoy buscando dar el siguiente paso en mi carrera.',NULL,'2026-04-10T00:58:38.555Z','2026-04-10T00:58:38.555Z');
INSERT INTO applications (id,"studentId","opportunityId",status,"coverLetter",notes,"createdAt","updatedAt") VALUES ('c413134b-cc10-40d4-a56a-5540e9878964','d74deed2-9838-40cb-8e21-50d58c03c523','ed0f21d9-8862-4b4d-81f7-f20f35aed171','ENTREVISTA','Me interesa mucho esta oportunidad ya que se alinea perfectamente con mi especialidad y mis objetivos profesionales. Tengo experiencia práctica adquirida durante mi formación técnica y estoy buscando dar el siguiente paso en mi carrera.',NULL,'2026-04-10T00:58:38.557Z','2026-04-10T00:58:38.557Z');
INSERT INTO applications (id,"studentId","opportunityId",status,"coverLetter",notes,"createdAt","updatedAt") VALUES ('e822b51c-0397-4257-ba73-f777ee69d54c','d74deed2-9838-40cb-8e21-50d58c03c523','cd417667-82ca-4f08-9964-831e8fd08217','ENTREVISTA','Junto con saludar, quiero expresar mi interés en la oferta publicada. Durante mi formación técnica he adquirido competencias sólidas en Redes y Telecomunicaciones y tengo ganas de aplicarlas en un entorno profesional real. Soy responsable, proactivo y me adapto rápidamente a nuevos desafíos.',NULL,'2026-04-10T00:58:38.559Z','2026-04-10T00:58:38.559Z');
INSERT INTO applications (id,"studentId","opportunityId",status,"coverLetter",notes,"createdAt","updatedAt") VALUES ('7b13eb59-449c-4375-9818-2e27a997a29e','d74deed2-9838-40cb-8e21-50d58c03c523','3800f247-9ba1-4150-a914-ab4c78121e70','EN_REVISION','Me interesa mucho esta oportunidad ya que se alinea perfectamente con mi especialidad y mis objetivos profesionales. Tengo experiencia práctica adquirida durante mi formación técnica y estoy buscando dar el siguiente paso en mi carrera.',NULL,'2026-04-10T00:58:38.561Z','2026-04-10T00:58:38.561Z');
INSERT INTO applications (id,"studentId","opportunityId",status,"coverLetter",notes,"createdAt","updatedAt") VALUES ('9b95cafa-810a-4eb6-a263-3f1112ccaa2a','40533205-58ee-43c5-b439-a23e3301702f','cd417667-82ca-4f08-9964-831e8fd08217','PENDIENTE','Me interesa mucho esta oportunidad ya que se alinea perfectamente con mi especialidad y mis objetivos profesionales. Tengo experiencia práctica adquirida durante mi formación técnica y estoy buscando dar el siguiente paso en mi carrera.',NULL,'2026-04-10T00:58:38.564Z','2026-04-10T00:58:38.564Z');
INSERT INTO applications (id,"studentId","opportunityId",status,"coverLetter",notes,"createdAt","updatedAt") VALUES ('a450a6bd-12e8-4e16-867d-a21c47619fb9','40533205-58ee-43c5-b439-a23e3301702f','1091c580-e45a-438c-bc3c-d62dc2b3f8ec','EN_REVISION','Me interesa mucho esta oportunidad ya que se alinea perfectamente con mi especialidad y mis objetivos profesionales. Tengo experiencia práctica adquirida durante mi formación técnica y estoy buscando dar el siguiente paso en mi carrera.',NULL,'2026-04-10T00:58:38.567Z','2026-04-10T00:58:38.567Z');
INSERT INTO applications (id,"studentId","opportunityId",status,"coverLetter",notes,"createdAt","updatedAt") VALUES ('1653e16e-12c7-4ba6-80aa-93b71b6bf00f','40533205-58ee-43c5-b439-a23e3301702f','143afe6d-8a7c-4a8b-a991-f6aec8a79e24','ACEPTADO','Junto con saludar, quiero expresar mi interés en la oferta publicada. Durante mi formación técnica he adquirido competencias sólidas en Electricidad y tengo ganas de aplicarlas en un entorno profesional real. Soy responsable, proactivo y me adapto rápidamente a nuevos desafíos.',NULL,'2026-04-10T00:58:38.569Z','2026-04-10T00:58:38.569Z');
INSERT INTO applications (id,"studentId","opportunityId",status,"coverLetter",notes,"createdAt","updatedAt") VALUES ('42c5e52d-17de-4c97-b5cb-c594b04e3f6f','40533205-58ee-43c5-b439-a23e3301702f','36836f1f-f8bc-4ade-8635-df149880f9e6','RECHAZADO','Junto con saludar, quiero expresar mi interés en la oferta publicada. Durante mi formación técnica he adquirido competencias sólidas en Electricidad y tengo ganas de aplicarlas en un entorno profesional real. Soy responsable, proactivo y me adapto rápidamente a nuevos desafíos.',NULL,'2026-04-10T00:58:38.571Z','2026-04-10T00:58:38.571Z');
INSERT INTO applications (id,"studentId","opportunityId",status,"coverLetter",notes,"createdAt","updatedAt") VALUES ('538507f2-34c8-4754-ac1e-426089cc920c','40533205-58ee-43c5-b439-a23e3301702f','6840c0b3-dd84-4448-a6e8-5a85284cd0e8','PENDIENTE','Estimado equipo, me dirijo a ustedes para postular a esta oportunidad. Soy estudiante de Electricidad en el Centro Educacional Cardenal José María Caro y estoy convencido de que mis habilidades y motivación pueden aportar valor a su empresa. He desarrollado proyectos en el área y cuento con habilidades validadas por mi institución. Quedo a disposición para una entrevista.',NULL,'2026-04-10T00:58:38.573Z','2026-04-10T00:58:38.573Z');
INSERT INTO applications (id,"studentId","opportunityId",status,"coverLetter",notes,"createdAt","updatedAt") VALUES ('c80bf28d-c41c-48ef-9ffd-463dad939369','c0917d45-5f5e-48b6-947d-9247402e7370','d01033be-f7ad-4f70-988a-e685e8685244','EN_REVISION','Estimado equipo, me dirijo a ustedes para postular a esta oportunidad. Soy estudiante de Mecánica Automotriz en el Centro Educacional Cardenal José María Caro y estoy convencido de que mis habilidades y motivación pueden aportar valor a su empresa. He desarrollado proyectos en el área y cuento con habilidades validadas por mi institución. Quedo a disposición para una entrevista.',NULL,'2026-04-10T00:58:38.576Z','2026-04-10T00:58:38.576Z');
INSERT INTO applications (id,"studentId","opportunityId",status,"coverLetter",notes,"createdAt","updatedAt") VALUES ('658c6072-8877-4763-bf49-e06b8c411656','c0917d45-5f5e-48b6-947d-9247402e7370','6840c0b3-dd84-4448-a6e8-5a85284cd0e8','ENTREVISTA','Me interesa mucho esta oportunidad ya que se alinea perfectamente con mi especialidad y mis objetivos profesionales. Tengo experiencia práctica adquirida durante mi formación técnica y estoy buscando dar el siguiente paso en mi carrera.',NULL,'2026-04-10T00:58:38.578Z','2026-04-10T00:58:38.578Z');
INSERT INTO applications (id,"studentId","opportunityId",status,"coverLetter",notes,"createdAt","updatedAt") VALUES ('55faa401-13e7-4198-9fe5-90037d432591','c0917d45-5f5e-48b6-947d-9247402e7370','e3a4d585-ef5c-466d-980b-3f7ed456f9eb','EN_REVISION','Me interesa mucho esta oportunidad ya que se alinea perfectamente con mi especialidad y mis objetivos profesionales. Tengo experiencia práctica adquirida durante mi formación técnica y estoy buscando dar el siguiente paso en mi carrera.',NULL,'2026-04-10T00:58:38.581Z','2026-04-10T00:58:38.581Z');
INSERT INTO applications (id,"studentId","opportunityId",status,"coverLetter",notes,"createdAt","updatedAt") VALUES ('82bcc38e-490e-4990-b171-c0922997b83a','c0917d45-5f5e-48b6-947d-9247402e7370','14d785f0-0915-4765-a725-3db8fd895c6d','PENDIENTE','Junto con saludar, quiero expresar mi interés en la oferta publicada. Durante mi formación técnica he adquirido competencias sólidas en Mecánica Automotriz y tengo ganas de aplicarlas en un entorno profesional real. Soy responsable, proactivo y me adapto rápidamente a nuevos desafíos.',NULL,'2026-04-10T00:58:38.583Z','2026-04-10T00:58:38.583Z');
INSERT INTO applications (id,"studentId","opportunityId",status,"coverLetter",notes,"createdAt","updatedAt") VALUES ('a637c560-6c08-4833-b195-8099b6c640e6','c0917d45-5f5e-48b6-947d-9247402e7370','dfe5631a-a9bc-4549-a3d9-58d627675844','RECHAZADO','Me interesa mucho esta oportunidad ya que se alinea perfectamente con mi especialidad y mis objetivos profesionales. Tengo experiencia práctica adquirida durante mi formación técnica y estoy buscando dar el siguiente paso en mi carrera.',NULL,'2026-04-10T00:58:38.586Z','2026-04-10T00:58:38.586Z');
INSERT INTO applications (id,"studentId","opportunityId",status,"coverLetter",notes,"createdAt","updatedAt") VALUES ('0a0a77a8-a30d-41b5-9885-dc3079bfa5a5','d86b334c-b08c-477b-9ee1-c9d92755d89b','0f7d14df-1742-440c-ab18-41e11caab468','ENTREVISTA','Estimado equipo, me dirijo a ustedes para postular a esta oportunidad. Soy estudiante de Administración en el Centro Educacional Cardenal José María Caro y estoy convencido de que mis habilidades y motivación pueden aportar valor a su empresa. He desarrollado proyectos en el área y cuento con habilidades validadas por mi institución. Quedo a disposición para una entrevista.',NULL,'2026-04-10T00:58:38.588Z','2026-04-10T00:58:38.588Z');
INSERT INTO applications (id,"studentId","opportunityId",status,"coverLetter",notes,"createdAt","updatedAt") VALUES ('0d39f833-0361-4213-b305-c322a88cca70','d86b334c-b08c-477b-9ee1-c9d92755d89b','d01033be-f7ad-4f70-988a-e685e8685244','PENDIENTE','Estimado equipo, me dirijo a ustedes para postular a esta oportunidad. Soy estudiante de Administración en el Centro Educacional Cardenal José María Caro y estoy convencido de que mis habilidades y motivación pueden aportar valor a su empresa. He desarrollado proyectos en el área y cuento con habilidades validadas por mi institución. Quedo a disposición para una entrevista.',NULL,'2026-04-10T00:58:38.590Z','2026-04-10T00:58:38.590Z');
INSERT INTO applications (id,"studentId","opportunityId",status,"coverLetter",notes,"createdAt","updatedAt") VALUES ('7e603af2-e9be-4702-a8b1-757870598d2d','d86b334c-b08c-477b-9ee1-c9d92755d89b','e3a4d585-ef5c-466d-980b-3f7ed456f9eb','PENDIENTE','Estimado equipo, me dirijo a ustedes para postular a esta oportunidad. Soy estudiante de Administración en el Centro Educacional Cardenal José María Caro y estoy convencido de que mis habilidades y motivación pueden aportar valor a su empresa. He desarrollado proyectos en el área y cuento con habilidades validadas por mi institución. Quedo a disposición para una entrevista.',NULL,'2026-04-10T00:58:38.593Z','2026-04-10T00:58:38.593Z');
INSERT INTO applications (id,"studentId","opportunityId",status,"coverLetter",notes,"createdAt","updatedAt") VALUES ('4223dc6b-0515-4004-8114-455b832fae36','d86b334c-b08c-477b-9ee1-c9d92755d89b','5a543458-8f15-4aaf-b29c-1022984f99a6','EN_REVISION','Junto con saludar, quiero expresar mi interés en la oferta publicada. Durante mi formación técnica he adquirido competencias sólidas en Administración y tengo ganas de aplicarlas en un entorno profesional real. Soy responsable, proactivo y me adapto rápidamente a nuevos desafíos.',NULL,'2026-04-10T00:58:38.595Z','2026-04-10T00:58:38.595Z');
INSERT INTO applications (id,"studentId","opportunityId",status,"coverLetter",notes,"createdAt","updatedAt") VALUES ('4dee51de-179e-4f7b-a041-83c7748e3aa4','e77a9b9c-a419-4add-9bb3-6e534cff531b','11be0280-fc1e-4aef-b4b9-d34652a78621','PENDIENTE','Estimado equipo, me dirijo a ustedes para postular a esta oportunidad. Soy estudiante de Gastronomía en el Centro Educacional Cardenal José María Caro y estoy convencido de que mis habilidades y motivación pueden aportar valor a su empresa. He desarrollado proyectos en el área y cuento con habilidades validadas por mi institución. Quedo a disposición para una entrevista.',NULL,'2026-04-10T00:58:38.597Z','2026-04-10T00:58:38.597Z');
INSERT INTO applications (id,"studentId","opportunityId",status,"coverLetter",notes,"createdAt","updatedAt") VALUES ('26168ebc-c043-4280-90be-0d1fcd2277b1','e77a9b9c-a419-4add-9bb3-6e534cff531b','0f7d14df-1742-440c-ab18-41e11caab468','PENDIENTE','Me interesa mucho esta oportunidad ya que se alinea perfectamente con mi especialidad y mis objetivos profesionales. Tengo experiencia práctica adquirida durante mi formación técnica y estoy buscando dar el siguiente paso en mi carrera.',NULL,'2026-04-10T00:58:38.599Z','2026-04-10T00:58:38.599Z');
INSERT INTO applications (id,"studentId","opportunityId",status,"coverLetter",notes,"createdAt","updatedAt") VALUES ('3f333a0d-0bba-48ea-bdd6-83698ffa33ca','7aa2c535-e6a1-4a83-a713-875bd4a29a90','a184493a-5165-4b31-9ed7-8a41fda25388','EN_REVISION','Estimado equipo, me dirijo a ustedes para postular a esta oportunidad. Soy estudiante de Contabilidad en el Centro Educacional Cardenal José María Caro y estoy convencido de que mis habilidades y motivación pueden aportar valor a su empresa. He desarrollado proyectos en el área y cuento con habilidades validadas por mi institución. Quedo a disposición para una entrevista.',NULL,'2026-04-10T00:58:38.601Z','2026-04-10T00:58:38.601Z');
INSERT INTO applications (id,"studentId","opportunityId",status,"coverLetter",notes,"createdAt","updatedAt") VALUES ('cc222b09-ba4f-4f4b-9245-97c702c5443b','7aa2c535-e6a1-4a83-a713-875bd4a29a90','ed0f21d9-8862-4b4d-81f7-f20f35aed171','PENDIENTE','Me interesa mucho esta oportunidad ya que se alinea perfectamente con mi especialidad y mis objetivos profesionales. Tengo experiencia práctica adquirida durante mi formación técnica y estoy buscando dar el siguiente paso en mi carrera.',NULL,'2026-04-10T00:58:38.603Z','2026-04-10T00:58:38.603Z');
INSERT INTO applications (id,"studentId","opportunityId",status,"coverLetter",notes,"createdAt","updatedAt") VALUES ('3b0c0b59-7244-4ce2-bfb8-f284f045424c','7aa2c535-e6a1-4a83-a713-875bd4a29a90','6840c0b3-dd84-4448-a6e8-5a85284cd0e8','PENDIENTE','Estimado equipo, me dirijo a ustedes para postular a esta oportunidad. Soy estudiante de Contabilidad en el Centro Educacional Cardenal José María Caro y estoy convencido de que mis habilidades y motivación pueden aportar valor a su empresa. He desarrollado proyectos en el área y cuento con habilidades validadas por mi institución. Quedo a disposición para una entrevista.',NULL,'2026-04-10T00:58:38.605Z','2026-04-10T00:58:38.605Z');
INSERT INTO applications (id,"studentId","opportunityId",status,"coverLetter",notes,"createdAt","updatedAt") VALUES ('02b31500-9de4-4a0c-964d-e0462d879cf2','7aa2c535-e6a1-4a83-a713-875bd4a29a90','cd417667-82ca-4f08-9964-831e8fd08217','PENDIENTE','Me interesa mucho esta oportunidad ya que se alinea perfectamente con mi especialidad y mis objetivos profesionales. Tengo experiencia práctica adquirida durante mi formación técnica y estoy buscando dar el siguiente paso en mi carrera.',NULL,'2026-04-10T00:58:38.609Z','2026-04-10T00:58:38.609Z');
INSERT INTO applications (id,"studentId","opportunityId",status,"coverLetter",notes,"createdAt","updatedAt") VALUES ('f864a266-9127-4284-b9d3-1eecc5b466a2','7aa2c535-e6a1-4a83-a713-875bd4a29a90','d2c51aa5-178d-4373-8bf7-f04c076f128c','PENDIENTE','Me interesa mucho esta oportunidad ya que se alinea perfectamente con mi especialidad y mis objetivos profesionales. Tengo experiencia práctica adquirida durante mi formación técnica y estoy buscando dar el siguiente paso en mi carrera.',NULL,'2026-04-10T00:58:38.611Z','2026-04-10T00:58:38.611Z');
INSERT INTO applications (id,"studentId","opportunityId",status,"coverLetter",notes,"createdAt","updatedAt") VALUES ('157607c5-d75b-468e-bf01-bd88fa104e27','c9884408-42dd-4e40-a5ed-dfc8e6dfc485','d2c51aa5-178d-4373-8bf7-f04c076f128c','ACEPTADO','Me interesa mucho esta oportunidad ya que se alinea perfectamente con mi especialidad y mis objetivos profesionales. Tengo experiencia práctica adquirida durante mi formación técnica y estoy buscando dar el siguiente paso en mi carrera.',NULL,'2026-04-10T00:58:38.614Z','2026-04-10T00:58:38.614Z');
INSERT INTO applications (id,"studentId","opportunityId",status,"coverLetter",notes,"createdAt","updatedAt") VALUES ('6d6c89f0-9d5d-44d1-bed5-ccab3488357b','c9884408-42dd-4e40-a5ed-dfc8e6dfc485','14d785f0-0915-4765-a725-3db8fd895c6d','PENDIENTE','Estimado equipo, me dirijo a ustedes para postular a esta oportunidad. Soy estudiante de Programación en el Centro Educacional Cardenal José María Caro y estoy convencido de que mis habilidades y motivación pueden aportar valor a su empresa. He desarrollado proyectos en el área y cuento con habilidades validadas por mi institución. Quedo a disposición para una entrevista.',NULL,'2026-04-10T00:58:38.616Z','2026-04-10T00:58:38.616Z');
INSERT INTO applications (id,"studentId","opportunityId",status,"coverLetter",notes,"createdAt","updatedAt") VALUES ('21474c35-ebc3-495b-8768-87cac484dacd','3bdc6ef4-6ad5-41e5-a280-a41de2954dc7','36836f1f-f8bc-4ade-8635-df149880f9e6','PENDIENTE','Estimado equipo, me dirijo a ustedes para postular a esta oportunidad. Soy estudiante de Redes y Telecomunicaciones en el Centro Educacional Cardenal José María Caro y estoy convencido de que mis habilidades y motivación pueden aportar valor a su empresa. He desarrollado proyectos en el área y cuento con habilidades validadas por mi institución. Quedo a disposición para una entrevista.',NULL,'2026-04-10T00:58:38.618Z','2026-04-10T00:58:38.618Z');
INSERT INTO applications (id,"studentId","opportunityId",status,"coverLetter",notes,"createdAt","updatedAt") VALUES ('331779d9-a126-4085-b396-c91325f91692','3bdc6ef4-6ad5-41e5-a280-a41de2954dc7','77b6289e-6a6f-4c63-ae0b-10585b9f849c','PENDIENTE','Me interesa mucho esta oportunidad ya que se alinea perfectamente con mi especialidad y mis objetivos profesionales. Tengo experiencia práctica adquirida durante mi formación técnica y estoy buscando dar el siguiente paso en mi carrera.',NULL,'2026-04-10T00:58:38.620Z','2026-04-10T00:58:38.620Z');
INSERT INTO applications (id,"studentId","opportunityId",status,"coverLetter",notes,"createdAt","updatedAt") VALUES ('04efc421-a3dd-4631-b41b-2352954e491d','3bdc6ef4-6ad5-41e5-a280-a41de2954dc7','ed0f21d9-8862-4b4d-81f7-f20f35aed171','PENDIENTE','Me interesa mucho esta oportunidad ya que se alinea perfectamente con mi especialidad y mis objetivos profesionales. Tengo experiencia práctica adquirida durante mi formación técnica y estoy buscando dar el siguiente paso en mi carrera.',NULL,'2026-04-10T00:58:38.623Z','2026-04-10T00:58:38.623Z');
INSERT INTO applications (id,"studentId","opportunityId",status,"coverLetter",notes,"createdAt","updatedAt") VALUES ('a53f3861-ed00-4a2d-a1c8-40ea61427dce','3bdc6ef4-6ad5-41e5-a280-a41de2954dc7','dfe5631a-a9bc-4549-a3d9-58d627675844','ENTREVISTA','Junto con saludar, quiero expresar mi interés en la oferta publicada. Durante mi formación técnica he adquirido competencias sólidas en Redes y Telecomunicaciones y tengo ganas de aplicarlas en un entorno profesional real. Soy responsable, proactivo y me adapto rápidamente a nuevos desafíos.',NULL,'2026-04-10T00:58:38.625Z','2026-04-10T00:58:38.625Z');
INSERT INTO applications (id,"studentId","opportunityId",status,"coverLetter",notes,"createdAt","updatedAt") VALUES ('fc3863fe-1f78-4bad-a653-d6a4627d5a14','3bdc6ef4-6ad5-41e5-a280-a41de2954dc7','d01033be-f7ad-4f70-988a-e685e8685244','EN_REVISION','Estimado equipo, me dirijo a ustedes para postular a esta oportunidad. Soy estudiante de Redes y Telecomunicaciones en el Centro Educacional Cardenal José María Caro y estoy convencido de que mis habilidades y motivación pueden aportar valor a su empresa. He desarrollado proyectos en el área y cuento con habilidades validadas por mi institución. Quedo a disposición para una entrevista.',NULL,'2026-04-10T00:58:38.627Z','2026-04-10T00:58:38.627Z');
INSERT INTO applications (id,"studentId","opportunityId",status,"coverLetter",notes,"createdAt","updatedAt") VALUES ('a9234bd1-9a99-4909-9916-f93cf156160a','b14f2bc5-20cd-4a9a-868d-7ff33d2f08d7','36836f1f-f8bc-4ade-8635-df149880f9e6','ENTREVISTA','Junto con saludar, quiero expresar mi interés en la oferta publicada. Durante mi formación técnica he adquirido competencias sólidas en Electricidad y tengo ganas de aplicarlas en un entorno profesional real. Soy responsable, proactivo y me adapto rápidamente a nuevos desafíos.',NULL,'2026-04-10T00:58:38.629Z','2026-04-10T00:58:38.629Z');
INSERT INTO applications (id,"studentId","opportunityId",status,"coverLetter",notes,"createdAt","updatedAt") VALUES ('96c45ac8-0a94-4db6-8dd6-f932ea3acc15','b14f2bc5-20cd-4a9a-868d-7ff33d2f08d7','ed0f21d9-8862-4b4d-81f7-f20f35aed171','PENDIENTE','Me interesa mucho esta oportunidad ya que se alinea perfectamente con mi especialidad y mis objetivos profesionales. Tengo experiencia práctica adquirida durante mi formación técnica y estoy buscando dar el siguiente paso en mi carrera.',NULL,'2026-04-10T00:58:38.631Z','2026-04-10T00:58:38.631Z');
INSERT INTO applications (id,"studentId","opportunityId",status,"coverLetter",notes,"createdAt","updatedAt") VALUES ('56bbb44d-536c-44b0-8120-3829c184bbee','b14f2bc5-20cd-4a9a-868d-7ff33d2f08d7','cd417667-82ca-4f08-9964-831e8fd08217','ACEPTADO','Junto con saludar, quiero expresar mi interés en la oferta publicada. Durante mi formación técnica he adquirido competencias sólidas en Electricidad y tengo ganas de aplicarlas en un entorno profesional real. Soy responsable, proactivo y me adapto rápidamente a nuevos desafíos.',NULL,'2026-04-10T00:58:38.634Z','2026-04-10T00:58:38.634Z');
INSERT INTO applications (id,"studentId","opportunityId",status,"coverLetter",notes,"createdAt","updatedAt") VALUES ('64cf6520-56da-4f31-8a4f-e145a04b23b8','b14f2bc5-20cd-4a9a-868d-7ff33d2f08d7','1091c580-e45a-438c-bc3c-d62dc2b3f8ec','RECHAZADO','Estimado equipo, me dirijo a ustedes para postular a esta oportunidad. Soy estudiante de Electricidad en el Centro Educacional Cardenal José María Caro y estoy convencido de que mis habilidades y motivación pueden aportar valor a su empresa. He desarrollado proyectos en el área y cuento con habilidades validadas por mi institución. Quedo a disposición para una entrevista.',NULL,'2026-04-10T00:58:38.636Z','2026-04-10T00:58:38.636Z');
INSERT INTO applications (id,"studentId","opportunityId",status,"coverLetter",notes,"createdAt","updatedAt") VALUES ('897b9b02-1899-4700-81ac-b4412c9e9b8d','4db4cf86-c9c3-49d7-beca-7878c4a8575d','a184493a-5165-4b31-9ed7-8a41fda25388','RECHAZADO','Me interesa mucho esta oportunidad ya que se alinea perfectamente con mi especialidad y mis objetivos profesionales. Tengo experiencia práctica adquirida durante mi formación técnica y estoy buscando dar el siguiente paso en mi carrera.',NULL,'2026-04-10T00:58:38.638Z','2026-04-10T00:58:38.638Z');
INSERT INTO applications (id,"studentId","opportunityId",status,"coverLetter",notes,"createdAt","updatedAt") VALUES ('b8f18574-23a5-4166-b832-14dc37191422','4db4cf86-c9c3-49d7-beca-7878c4a8575d','1091c580-e45a-438c-bc3c-d62dc2b3f8ec','RECHAZADO','Junto con saludar, quiero expresar mi interés en la oferta publicada. Durante mi formación técnica he adquirido competencias sólidas en Mecánica Automotriz y tengo ganas de aplicarlas en un entorno profesional real. Soy responsable, proactivo y me adapto rápidamente a nuevos desafíos.',NULL,'2026-04-10T00:58:38.640Z','2026-04-10T00:58:38.640Z');
INSERT INTO applications (id,"studentId","opportunityId",status,"coverLetter",notes,"createdAt","updatedAt") VALUES ('cff4598b-bcb9-4459-8271-3563e4b2cbec','4db4cf86-c9c3-49d7-beca-7878c4a8575d','77b6289e-6a6f-4c63-ae0b-10585b9f849c','ENTREVISTA','Me interesa mucho esta oportunidad ya que se alinea perfectamente con mi especialidad y mis objetivos profesionales. Tengo experiencia práctica adquirida durante mi formación técnica y estoy buscando dar el siguiente paso en mi carrera.',NULL,'2026-04-10T00:58:38.642Z','2026-04-10T00:58:38.642Z');
INSERT INTO applications (id,"studentId","opportunityId",status,"coverLetter",notes,"createdAt","updatedAt") VALUES ('d7e6bbdf-3b04-451c-9ca7-fb3e18be2c6b','4db4cf86-c9c3-49d7-beca-7878c4a8575d','dfe5631a-a9bc-4549-a3d9-58d627675844','EN_REVISION','Estimado equipo, me dirijo a ustedes para postular a esta oportunidad. Soy estudiante de Mecánica Automotriz en el Centro Educacional Cardenal José María Caro y estoy convencido de que mis habilidades y motivación pueden aportar valor a su empresa. He desarrollado proyectos en el área y cuento con habilidades validadas por mi institución. Quedo a disposición para una entrevista.',NULL,'2026-04-10T00:58:38.644Z','2026-04-10T00:58:38.644Z');
INSERT INTO applications (id,"studentId","opportunityId",status,"coverLetter",notes,"createdAt","updatedAt") VALUES ('6853b30c-e261-4610-9b2e-8ca44744f27f','4db4cf86-c9c3-49d7-beca-7878c4a8575d','5a543458-8f15-4aaf-b29c-1022984f99a6','PENDIENTE','Estimado equipo, me dirijo a ustedes para postular a esta oportunidad. Soy estudiante de Mecánica Automotriz en el Centro Educacional Cardenal José María Caro y estoy convencido de que mis habilidades y motivación pueden aportar valor a su empresa. He desarrollado proyectos en el área y cuento con habilidades validadas por mi institución. Quedo a disposición para una entrevista.',NULL,'2026-04-10T00:58:38.647Z','2026-04-10T00:58:38.647Z');
INSERT INTO applications (id,"studentId","opportunityId",status,"coverLetter",notes,"createdAt","updatedAt") VALUES ('d267ac9b-428d-4f39-8f7f-a267698e0e7c','b0c006de-73c1-46ad-90bb-18e8f86358a7','d5ef41f6-2a6f-45c8-9d8c-195b8abc13ae','ACEPTADO','Me interesa mucho esta oportunidad ya que se alinea perfectamente con mi especialidad y mis objetivos profesionales. Tengo experiencia práctica adquirida durante mi formación técnica y estoy buscando dar el siguiente paso en mi carrera.',NULL,'2026-04-10T00:58:38.649Z','2026-04-10T00:58:38.649Z');
INSERT INTO applications (id,"studentId","opportunityId",status,"coverLetter",notes,"createdAt","updatedAt") VALUES ('9c6ae6c5-8bc0-4b60-a3eb-02e9e7397460','b0c006de-73c1-46ad-90bb-18e8f86358a7','3c498973-4b82-49f1-926e-312fb32f38de','EN_REVISION','Me interesa mucho esta oportunidad ya que se alinea perfectamente con mi especialidad y mis objetivos profesionales. Tengo experiencia práctica adquirida durante mi formación técnica y estoy buscando dar el siguiente paso en mi carrera.',NULL,'2026-04-10T00:58:38.651Z','2026-04-10T00:58:38.651Z');
INSERT INTO applications (id,"studentId","opportunityId",status,"coverLetter",notes,"createdAt","updatedAt") VALUES ('25c342c9-d19e-4df3-a83c-a3f0e087a1b9','b0c006de-73c1-46ad-90bb-18e8f86358a7','1091c580-e45a-438c-bc3c-d62dc2b3f8ec','ENTREVISTA','Junto con saludar, quiero expresar mi interés en la oferta publicada. Durante mi formación técnica he adquirido competencias sólidas en Administración y tengo ganas de aplicarlas en un entorno profesional real. Soy responsable, proactivo y me adapto rápidamente a nuevos desafíos.',NULL,'2026-04-10T00:58:38.654Z','2026-04-10T00:58:38.654Z');
INSERT INTO applications (id,"studentId","opportunityId",status,"coverLetter",notes,"createdAt","updatedAt") VALUES ('8cbbbfb8-9418-47f1-98fe-2f3e884cadfb','66ff06f9-e0e5-4076-bc8b-d591e5fe493b','dfe5631a-a9bc-4549-a3d9-58d627675844','ACEPTADO','Me interesa mucho esta oportunidad ya que se alinea perfectamente con mi especialidad y mis objetivos profesionales. Tengo experiencia práctica adquirida durante mi formación técnica y estoy buscando dar el siguiente paso en mi carrera.',NULL,'2026-04-10T00:58:38.656Z','2026-04-10T00:58:38.656Z');
INSERT INTO applications (id,"studentId","opportunityId",status,"coverLetter",notes,"createdAt","updatedAt") VALUES ('e34cfd87-0d3d-4a29-9c60-b7b82d78bac8','66ff06f9-e0e5-4076-bc8b-d591e5fe493b','d4bf5287-219e-446b-90b1-8f8f7d45debf','RECHAZADO','Junto con saludar, quiero expresar mi interés en la oferta publicada. Durante mi formación técnica he adquirido competencias sólidas en Gastronomía y tengo ganas de aplicarlas en un entorno profesional real. Soy responsable, proactivo y me adapto rápidamente a nuevos desafíos.',NULL,'2026-04-10T00:58:38.657Z','2026-04-10T00:58:38.657Z');
INSERT INTO applications (id,"studentId","opportunityId",status,"coverLetter",notes,"createdAt","updatedAt") VALUES ('9d91b3a2-60ea-4f9e-803b-432ca486fdb2','66ff06f9-e0e5-4076-bc8b-d591e5fe493b','decdf28e-2ce6-4b7b-a6b1-db6e768788f6','RECHAZADO','Me interesa mucho esta oportunidad ya que se alinea perfectamente con mi especialidad y mis objetivos profesionales. Tengo experiencia práctica adquirida durante mi formación técnica y estoy buscando dar el siguiente paso en mi carrera.',NULL,'2026-04-10T00:58:38.659Z','2026-04-10T00:58:38.659Z');
INSERT INTO applications (id,"studentId","opportunityId",status,"coverLetter",notes,"createdAt","updatedAt") VALUES ('86ce28ef-300b-4e0d-bf6c-0633e8352480','66ff06f9-e0e5-4076-bc8b-d591e5fe493b','3800f247-9ba1-4150-a914-ab4c78121e70','PENDIENTE','Me interesa mucho esta oportunidad ya que se alinea perfectamente con mi especialidad y mis objetivos profesionales. Tengo experiencia práctica adquirida durante mi formación técnica y estoy buscando dar el siguiente paso en mi carrera.',NULL,'2026-04-10T00:58:38.661Z','2026-04-10T00:58:38.661Z');
INSERT INTO applications (id,"studentId","opportunityId",status,"coverLetter",notes,"createdAt","updatedAt") VALUES ('e4a5536f-4c23-44b5-a12f-2faccc8b4768','7cf669c7-5fc5-4288-8158-f116ecc298f1','e3a4d585-ef5c-466d-980b-3f7ed456f9eb','RECHAZADO','Junto con saludar, quiero expresar mi interés en la oferta publicada. Durante mi formación técnica he adquirido competencias sólidas en Contabilidad y tengo ganas de aplicarlas en un entorno profesional real. Soy responsable, proactivo y me adapto rápidamente a nuevos desafíos.',NULL,'2026-04-10T00:58:38.663Z','2026-04-10T00:58:38.663Z');
INSERT INTO applications (id,"studentId","opportunityId",status,"coverLetter",notes,"createdAt","updatedAt") VALUES ('4150478a-0afd-4847-a7ce-239aef4a5343','b763b1fd-84a4-4d39-9531-58d76cf24f3c','d5ef41f6-2a6f-45c8-9d8c-195b8abc13ae','ACEPTADO','Me interesa mucho esta oportunidad ya que se alinea perfectamente con mi especialidad y mis objetivos profesionales. Tengo experiencia práctica adquirida durante mi formación técnica y estoy buscando dar el siguiente paso en mi carrera.',NULL,'2026-04-10T00:58:38.665Z','2026-04-10T00:58:38.665Z');
INSERT INTO applications (id,"studentId","opportunityId",status,"coverLetter",notes,"createdAt","updatedAt") VALUES ('8d7d7e4a-5476-4364-bb8e-9a75abbf9c21','b763b1fd-84a4-4d39-9531-58d76cf24f3c','3800f247-9ba1-4150-a914-ab4c78121e70','ACEPTADO','Junto con saludar, quiero expresar mi interés en la oferta publicada. Durante mi formación técnica he adquirido competencias sólidas en Programación y tengo ganas de aplicarlas en un entorno profesional real. Soy responsable, proactivo y me adapto rápidamente a nuevos desafíos.',NULL,'2026-04-10T00:58:38.667Z','2026-04-10T00:58:38.667Z');
INSERT INTO applications (id,"studentId","opportunityId",status,"coverLetter",notes,"createdAt","updatedAt") VALUES ('018f36e5-9853-40a1-97c6-1adea029e217','e028ba4f-f534-4dd0-bfc5-37549315c0e0','77b6289e-6a6f-4c63-ae0b-10585b9f849c','PENDIENTE','Estimado equipo, me dirijo a ustedes para postular a esta oportunidad. Soy estudiante de Redes y Telecomunicaciones en el Centro Educacional Cardenal José María Caro y estoy convencido de que mis habilidades y motivación pueden aportar valor a su empresa. He desarrollado proyectos en el área y cuento con habilidades validadas por mi institución. Quedo a disposición para una entrevista.',NULL,'2026-04-10T00:58:38.669Z','2026-04-10T00:58:38.669Z');
INSERT INTO applications (id,"studentId","opportunityId",status,"coverLetter",notes,"createdAt","updatedAt") VALUES ('9eecd0c8-c452-4758-80e7-e94c4237dbf8','e028ba4f-f534-4dd0-bfc5-37549315c0e0','73cfaa53-4ccf-4427-80d5-6510f22c16f3','RECHAZADO','Estimado equipo, me dirijo a ustedes para postular a esta oportunidad. Soy estudiante de Redes y Telecomunicaciones en el Centro Educacional Cardenal José María Caro y estoy convencido de que mis habilidades y motivación pueden aportar valor a su empresa. He desarrollado proyectos en el área y cuento con habilidades validadas por mi institución. Quedo a disposición para una entrevista.',NULL,'2026-04-10T00:58:38.671Z','2026-04-10T00:58:38.671Z');
INSERT INTO applications (id,"studentId","opportunityId",status,"coverLetter",notes,"createdAt","updatedAt") VALUES ('1528ab78-6c8b-4939-85ad-d6b9ae2862ba','42d2bb61-8446-42ae-b8c0-120e98fbba0a','d5ef41f6-2a6f-45c8-9d8c-195b8abc13ae','PENDIENTE','Estimado equipo, me dirijo a ustedes para postular a esta oportunidad. Soy estudiante de Electricidad en el Centro Educacional Cardenal José María Caro y estoy convencido de que mis habilidades y motivación pueden aportar valor a su empresa. He desarrollado proyectos en el área y cuento con habilidades validadas por mi institución. Quedo a disposición para una entrevista.',NULL,'2026-04-10T00:58:38.673Z','2026-04-10T00:58:38.673Z');
INSERT INTO applications (id,"studentId","opportunityId",status,"coverLetter",notes,"createdAt","updatedAt") VALUES ('81a30f1a-fc97-49c4-928f-7e59563d41e2','42d2bb61-8446-42ae-b8c0-120e98fbba0a','d01033be-f7ad-4f70-988a-e685e8685244','ACEPTADO','Junto con saludar, quiero expresar mi interés en la oferta publicada. Durante mi formación técnica he adquirido competencias sólidas en Electricidad y tengo ganas de aplicarlas en un entorno profesional real. Soy responsable, proactivo y me adapto rápidamente a nuevos desafíos.',NULL,'2026-04-10T00:58:38.675Z','2026-04-10T00:58:38.675Z');
INSERT INTO applications (id,"studentId","opportunityId",status,"coverLetter",notes,"createdAt","updatedAt") VALUES ('ef0fb0e8-fef6-4f5b-bfe9-659da4ba9e85','b0620242-8137-4ec6-8385-e12241641791','143afe6d-8a7c-4a8b-a991-f6aec8a79e24','PENDIENTE','Junto con saludar, quiero expresar mi interés en la oferta publicada. Durante mi formación técnica he adquirido competencias sólidas en Mecánica Automotriz y tengo ganas de aplicarlas en un entorno profesional real. Soy responsable, proactivo y me adapto rápidamente a nuevos desafíos.',NULL,'2026-04-10T00:58:38.677Z','2026-04-10T00:58:38.677Z');
INSERT INTO applications (id,"studentId","opportunityId",status,"coverLetter",notes,"createdAt","updatedAt") VALUES ('d82ad169-008e-4253-987c-99f5e01e8e68','34b277c4-aab6-49cc-aa04-a9a92e4fd4ef','1091c580-e45a-438c-bc3c-d62dc2b3f8ec','ACEPTADO','Estimado equipo, me dirijo a ustedes para postular a esta oportunidad. Soy estudiante de Administración en el Centro Educacional Cardenal José María Caro y estoy convencido de que mis habilidades y motivación pueden aportar valor a su empresa. He desarrollado proyectos en el área y cuento con habilidades validadas por mi institución. Quedo a disposición para una entrevista.',NULL,'2026-04-10T00:58:38.679Z','2026-04-10T00:58:38.679Z');
INSERT INTO applications (id,"studentId","opportunityId",status,"coverLetter",notes,"createdAt","updatedAt") VALUES ('402b421a-cc03-43ec-92cf-ad365a31ad6e','34b277c4-aab6-49cc-aa04-a9a92e4fd4ef','0f7d14df-1742-440c-ab18-41e11caab468','ENTREVISTA','Junto con saludar, quiero expresar mi interés en la oferta publicada. Durante mi formación técnica he adquirido competencias sólidas en Administración y tengo ganas de aplicarlas en un entorno profesional real. Soy responsable, proactivo y me adapto rápidamente a nuevos desafíos.',NULL,'2026-04-10T00:58:38.682Z','2026-04-10T00:58:38.682Z');
INSERT INTO applications (id,"studentId","opportunityId",status,"coverLetter",notes,"createdAt","updatedAt") VALUES ('a34fa8cd-9dc3-40dc-8db0-4c1351511038','4dc3c9d1-9907-488f-acbb-c9bb7c6e11be','d2c51aa5-178d-4373-8bf7-f04c076f128c','PENDIENTE','Junto con saludar, quiero expresar mi interés en la oferta publicada. Durante mi formación técnica he adquirido competencias sólidas en Gastronomía y tengo ganas de aplicarlas en un entorno profesional real. Soy responsable, proactivo y me adapto rápidamente a nuevos desafíos.',NULL,'2026-04-10T00:58:38.684Z','2026-04-10T00:58:38.684Z');
INSERT INTO applications (id,"studentId","opportunityId",status,"coverLetter",notes,"createdAt","updatedAt") VALUES ('edfbc07b-9d2f-4ede-9571-f6597f224727','5192b675-29c5-4e74-9da3-b79fe401b062','d2c51aa5-178d-4373-8bf7-f04c076f128c','PENDIENTE','Me interesa mucho esta oportunidad ya que se alinea perfectamente con mi especialidad y mis objetivos profesionales. Tengo experiencia práctica adquirida durante mi formación técnica y estoy buscando dar el siguiente paso en mi carrera.',NULL,'2026-04-10T00:58:38.686Z','2026-04-10T00:58:38.686Z');
INSERT INTO applications (id,"studentId","opportunityId",status,"coverLetter",notes,"createdAt","updatedAt") VALUES ('e9387f33-857b-4aa1-9424-d90b5a081889','5192b675-29c5-4e74-9da3-b79fe401b062','d5ef41f6-2a6f-45c8-9d8c-195b8abc13ae','RECHAZADO','Junto con saludar, quiero expresar mi interés en la oferta publicada. Durante mi formación técnica he adquirido competencias sólidas en Contabilidad y tengo ganas de aplicarlas en un entorno profesional real. Soy responsable, proactivo y me adapto rápidamente a nuevos desafíos.',NULL,'2026-04-10T00:58:38.688Z','2026-04-10T00:58:38.688Z');
INSERT INTO applications (id,"studentId","opportunityId",status,"coverLetter",notes,"createdAt","updatedAt") VALUES ('c0358fba-f22c-465d-a1e2-1dd2b97419b0','5192b675-29c5-4e74-9da3-b79fe401b062','ed0f21d9-8862-4b4d-81f7-f20f35aed171','PENDIENTE','Me interesa mucho esta oportunidad ya que se alinea perfectamente con mi especialidad y mis objetivos profesionales. Tengo experiencia práctica adquirida durante mi formación técnica y estoy buscando dar el siguiente paso en mi carrera.',NULL,'2026-04-10T00:58:38.690Z','2026-04-10T00:58:38.690Z');
INSERT INTO applications (id,"studentId","opportunityId",status,"coverLetter",notes,"createdAt","updatedAt") VALUES ('d3bbe191-ea39-4d22-8873-5b3711fd6d89','12334bd1-4706-43e5-92ca-0354d5880d7e','d5ef41f6-2a6f-45c8-9d8c-195b8abc13ae','PENDIENTE','Junto con saludar, quiero expresar mi interés en la oferta publicada. Durante mi formación técnica he adquirido competencias sólidas en Programación y tengo ganas de aplicarlas en un entorno profesional real. Soy responsable, proactivo y me adapto rápidamente a nuevos desafíos.',NULL,'2026-04-10T00:58:38.692Z','2026-04-10T00:58:38.692Z');
INSERT INTO applications (id,"studentId","opportunityId",status,"coverLetter",notes,"createdAt","updatedAt") VALUES ('c19e1a2f-52ae-4adb-9be8-d50e3529dd4a','12334bd1-4706-43e5-92ca-0354d5880d7e','11be0280-fc1e-4aef-b4b9-d34652a78621','EN_REVISION','Me interesa mucho esta oportunidad ya que se alinea perfectamente con mi especialidad y mis objetivos profesionales. Tengo experiencia práctica adquirida durante mi formación técnica y estoy buscando dar el siguiente paso en mi carrera.',NULL,'2026-04-10T00:58:38.694Z','2026-04-10T00:58:38.694Z');
INSERT INTO applications (id,"studentId","opportunityId",status,"coverLetter",notes,"createdAt","updatedAt") VALUES ('f83eab98-6961-44c8-b5b5-78a52441ce61','d4a5f308-ad45-4750-80dc-8e9fee7af8ad','1091c580-e45a-438c-bc3c-d62dc2b3f8ec','ACEPTADO','Junto con saludar, quiero expresar mi interés en la oferta publicada. Durante mi formación técnica he adquirido competencias sólidas en Redes y Telecomunicaciones y tengo ganas de aplicarlas en un entorno profesional real. Soy responsable, proactivo y me adapto rápidamente a nuevos desafíos.',NULL,'2026-04-10T00:58:38.696Z','2026-04-10T00:58:38.696Z');
INSERT INTO applications (id,"studentId","opportunityId",status,"coverLetter",notes,"createdAt","updatedAt") VALUES ('223772c7-f8e9-4ae5-96d3-e83e409d36c5','d4a5f308-ad45-4750-80dc-8e9fee7af8ad','ed0f21d9-8862-4b4d-81f7-f20f35aed171','PENDIENTE','Estimado equipo, me dirijo a ustedes para postular a esta oportunidad. Soy estudiante de Redes y Telecomunicaciones en el Centro Educacional Cardenal José María Caro y estoy convencido de que mis habilidades y motivación pueden aportar valor a su empresa. He desarrollado proyectos en el área y cuento con habilidades validadas por mi institución. Quedo a disposición para una entrevista.',NULL,'2026-04-10T00:58:38.699Z','2026-04-10T00:58:38.699Z');
INSERT INTO applications (id,"studentId","opportunityId",status,"coverLetter",notes,"createdAt","updatedAt") VALUES ('60cc7f2a-dfb4-4b4d-aa11-a40424e91bc2','d4a5f308-ad45-4750-80dc-8e9fee7af8ad','143afe6d-8a7c-4a8b-a991-f6aec8a79e24','PENDIENTE','Junto con saludar, quiero expresar mi interés en la oferta publicada. Durante mi formación técnica he adquirido competencias sólidas en Redes y Telecomunicaciones y tengo ganas de aplicarlas en un entorno profesional real. Soy responsable, proactivo y me adapto rápidamente a nuevos desafíos.',NULL,'2026-04-10T00:58:38.701Z','2026-04-10T00:58:38.701Z');
INSERT INTO applications (id,"studentId","opportunityId",status,"coverLetter",notes,"createdAt","updatedAt") VALUES ('6587d275-e336-49a4-852c-1b2cb2e59542','6999449e-2625-4658-9230-f94374e6cef5','6840c0b3-dd84-4448-a6e8-5a85284cd0e8','PENDIENTE','Estimado equipo, me dirijo a ustedes para postular a esta oportunidad. Soy estudiante de Electricidad en el Centro Educacional Cardenal José María Caro y estoy convencido de que mis habilidades y motivación pueden aportar valor a su empresa. He desarrollado proyectos en el área y cuento con habilidades validadas por mi institución. Quedo a disposición para una entrevista.',NULL,'2026-04-10T00:58:38.703Z','2026-04-10T00:58:38.703Z');
INSERT INTO applications (id,"studentId","opportunityId",status,"coverLetter",notes,"createdAt","updatedAt") VALUES ('532ba86b-c0dd-4879-bd06-b8bd179cfadd','6999449e-2625-4658-9230-f94374e6cef5','a1f323b2-7c5d-40d2-8649-9105d60c535c','PENDIENTE','Me interesa mucho esta oportunidad ya que se alinea perfectamente con mi especialidad y mis objetivos profesionales. Tengo experiencia práctica adquirida durante mi formación técnica y estoy buscando dar el siguiente paso en mi carrera.',NULL,'2026-04-10T00:58:38.705Z','2026-04-10T00:58:38.705Z');
INSERT INTO applications (id,"studentId","opportunityId",status,"coverLetter",notes,"createdAt","updatedAt") VALUES ('614a1d33-2803-47a4-a181-c621241bcdf6','8802f763-9b36-4578-b5d4-e3a3ca40db60','e3a4d585-ef5c-466d-980b-3f7ed456f9eb','ENTREVISTA','Estimado equipo, me dirijo a ustedes para postular a esta oportunidad. Soy estudiante de Mecánica Automotriz en el Centro Educacional Cardenal José María Caro y estoy convencido de que mis habilidades y motivación pueden aportar valor a su empresa. He desarrollado proyectos en el área y cuento con habilidades validadas por mi institución. Quedo a disposición para una entrevista.',NULL,'2026-04-10T00:58:38.707Z','2026-04-10T00:58:38.707Z');
INSERT INTO applications (id,"studentId","opportunityId",status,"coverLetter",notes,"createdAt","updatedAt") VALUES ('087c9880-0b6d-447c-82b9-8e746a97b92f','8802f763-9b36-4578-b5d4-e3a3ca40db60','cd417667-82ca-4f08-9964-831e8fd08217','PENDIENTE','Junto con saludar, quiero expresar mi interés en la oferta publicada. Durante mi formación técnica he adquirido competencias sólidas en Mecánica Automotriz y tengo ganas de aplicarlas en un entorno profesional real. Soy responsable, proactivo y me adapto rápidamente a nuevos desafíos.',NULL,'2026-04-10T00:58:38.709Z','2026-04-10T00:58:38.709Z');
INSERT INTO applications (id,"studentId","opportunityId",status,"coverLetter",notes,"createdAt","updatedAt") VALUES ('e0b2b6b7-4e08-4861-96f2-6ae819e21b2b','8802f763-9b36-4578-b5d4-e3a3ca40db60','73cfaa53-4ccf-4427-80d5-6510f22c16f3','EN_REVISION','Junto con saludar, quiero expresar mi interés en la oferta publicada. Durante mi formación técnica he adquirido competencias sólidas en Mecánica Automotriz y tengo ganas de aplicarlas en un entorno profesional real. Soy responsable, proactivo y me adapto rápidamente a nuevos desafíos.',NULL,'2026-04-10T00:58:38.711Z','2026-04-10T00:58:38.711Z');
INSERT INTO applications (id,"studentId","opportunityId",status,"coverLetter",notes,"createdAt","updatedAt") VALUES ('9424d320-c0e4-4642-af3a-c4182cc12f51','5ddc23c0-361a-4dcc-8b71-c9081cdf641d','d4bf5287-219e-446b-90b1-8f8f7d45debf','EN_REVISION','Estimado equipo, me dirijo a ustedes para postular a esta oportunidad. Soy estudiante de Administración en el Centro Educacional Cardenal José María Caro y estoy convencido de que mis habilidades y motivación pueden aportar valor a su empresa. He desarrollado proyectos en el área y cuento con habilidades validadas por mi institución. Quedo a disposición para una entrevista.',NULL,'2026-04-10T00:58:38.713Z','2026-04-10T00:58:38.713Z');
INSERT INTO applications (id,"studentId","opportunityId",status,"coverLetter",notes,"createdAt","updatedAt") VALUES ('1be3765e-0234-4061-85ee-12bae1a78822','5ddc23c0-361a-4dcc-8b71-c9081cdf641d','d5ef41f6-2a6f-45c8-9d8c-195b8abc13ae','ENTREVISTA','Me interesa mucho esta oportunidad ya que se alinea perfectamente con mi especialidad y mis objetivos profesionales. Tengo experiencia práctica adquirida durante mi formación técnica y estoy buscando dar el siguiente paso en mi carrera.',NULL,'2026-04-10T00:58:38.715Z','2026-04-10T00:58:38.715Z');
INSERT INTO applications (id,"studentId","opportunityId",status,"coverLetter",notes,"createdAt","updatedAt") VALUES ('aff46754-11fb-499a-82e6-49a54eacc27e','2271ded2-4b2c-4390-8e2f-212323dee596','d5ef41f6-2a6f-45c8-9d8c-195b8abc13ae','ACEPTADO','Junto con saludar, quiero expresar mi interés en la oferta publicada. Durante mi formación técnica he adquirido competencias sólidas en Gastronomía y tengo ganas de aplicarlas en un entorno profesional real. Soy responsable, proactivo y me adapto rápidamente a nuevos desafíos.',NULL,'2026-04-10T00:58:38.717Z','2026-04-10T00:58:38.717Z');
INSERT INTO applications (id,"studentId","opportunityId",status,"coverLetter",notes,"createdAt","updatedAt") VALUES ('455ba40c-e546-4778-9451-64e5c80ea25c','ff02214b-0ca5-4d3d-be5e-5f01489e0c28','36836f1f-f8bc-4ade-8635-df149880f9e6','ENTREVISTA','Junto con saludar, quiero expresar mi interés en la oferta publicada. Durante mi formación técnica he adquirido competencias sólidas en Contabilidad y tengo ganas de aplicarlas en un entorno profesional real. Soy responsable, proactivo y me adapto rápidamente a nuevos desafíos.',NULL,'2026-04-10T00:58:38.719Z','2026-04-10T00:58:38.719Z');
INSERT INTO applications (id,"studentId","opportunityId",status,"coverLetter",notes,"createdAt","updatedAt") VALUES ('afaec13b-cdde-43f1-b7f2-788ebb2dc4b6','ff02214b-0ca5-4d3d-be5e-5f01489e0c28','d2c51aa5-178d-4373-8bf7-f04c076f128c','PENDIENTE','Junto con saludar, quiero expresar mi interés en la oferta publicada. Durante mi formación técnica he adquirido competencias sólidas en Contabilidad y tengo ganas de aplicarlas en un entorno profesional real. Soy responsable, proactivo y me adapto rápidamente a nuevos desafíos.',NULL,'2026-04-10T00:58:38.721Z','2026-04-10T00:58:38.721Z');
INSERT INTO applications (id,"studentId","opportunityId",status,"coverLetter",notes,"createdAt","updatedAt") VALUES ('75d66a3c-9ebe-4f57-af36-7a764fb0f96a','ff02214b-0ca5-4d3d-be5e-5f01489e0c28','0f7d14df-1742-440c-ab18-41e11caab468','ENTREVISTA','Me interesa mucho esta oportunidad ya que se alinea perfectamente con mi especialidad y mis objetivos profesionales. Tengo experiencia práctica adquirida durante mi formación técnica y estoy buscando dar el siguiente paso en mi carrera.',NULL,'2026-04-10T00:58:38.723Z','2026-04-10T00:58:38.723Z');
INSERT INTO applications (id,"studentId","opportunityId",status,"coverLetter",notes,"createdAt","updatedAt") VALUES ('c7d704a9-d366-4a21-9a32-97107e741967','d33639cc-51cd-465e-adf4-855e97448538','1091c580-e45a-438c-bc3c-d62dc2b3f8ec','ACEPTADO','Me interesa mucho esta oportunidad ya que se alinea perfectamente con mi especialidad y mis objetivos profesionales. Tengo experiencia práctica adquirida durante mi formación técnica y estoy buscando dar el siguiente paso en mi carrera.',NULL,'2026-04-10T00:58:38.725Z','2026-04-10T00:58:38.725Z');
INSERT INTO applications (id,"studentId","opportunityId",status,"coverLetter",notes,"createdAt","updatedAt") VALUES ('a44f07d8-5ab4-495d-ad09-f66ba7fc2dac','a0edcce6-aa5f-473e-9993-8598ec559a4b','d4bf5287-219e-446b-90b1-8f8f7d45debf','RECHAZADO','Junto con saludar, quiero expresar mi interés en la oferta publicada. Durante mi formación técnica he adquirido competencias sólidas en Redes y Telecomunicaciones y tengo ganas de aplicarlas en un entorno profesional real. Soy responsable, proactivo y me adapto rápidamente a nuevos desafíos.',NULL,'2026-04-10T00:58:38.727Z','2026-04-10T00:58:38.727Z');
INSERT INTO applications (id,"studentId","opportunityId",status,"coverLetter",notes,"createdAt","updatedAt") VALUES ('919e44d0-e470-45ba-87c1-9a9afcb258d0','e2cb2a88-19f2-44d3-9d21-8eb68e8e7d12','decdf28e-2ce6-4b7b-a6b1-db6e768788f6','ENTREVISTA','Me interesa mucho esta oportunidad ya que se alinea perfectamente con mi especialidad y mis objetivos profesionales. Tengo experiencia práctica adquirida durante mi formación técnica y estoy buscando dar el siguiente paso en mi carrera.',NULL,'2026-04-10T00:58:38.729Z','2026-04-10T00:58:38.729Z');
INSERT INTO applications (id,"studentId","opportunityId",status,"coverLetter",notes,"createdAt","updatedAt") VALUES ('47ba7901-2493-49dd-a20e-ffc4c8ab9365','362e1070-c3f6-4263-b58d-c697cccf7164','5a543458-8f15-4aaf-b29c-1022984f99a6','ACEPTADO','Estimado equipo, me dirijo a ustedes para postular a esta oportunidad. Soy estudiante de Gastronomía en el Centro Educacional Cardenal José María Caro y estoy convencido de que mis habilidades y motivación pueden aportar valor a su empresa. He desarrollado proyectos en el área y cuento con habilidades validadas por mi institución. Quedo a disposición para una entrevista.',NULL,'2026-04-10T00:58:38.731Z','2026-04-10T00:58:38.731Z');
INSERT INTO applications (id,"studentId","opportunityId",status,"coverLetter",notes,"createdAt","updatedAt") VALUES ('ac58debe-8bb2-450a-8a55-fc4b002391bb','9881cd5b-9813-41b8-b14d-ed7346ef0f2e','d5ef41f6-2a6f-45c8-9d8c-195b8abc13ae','RECHAZADO','Me interesa mucho esta oportunidad ya que se alinea perfectamente con mi especialidad y mis objetivos profesionales. Tengo experiencia práctica adquirida durante mi formación técnica y estoy buscando dar el siguiente paso en mi carrera.',NULL,'2026-04-10T00:58:38.733Z','2026-04-10T00:58:38.733Z');
INSERT INTO applications (id,"studentId","opportunityId",status,"coverLetter",notes,"createdAt","updatedAt") VALUES ('a55f4347-13c8-4d39-b896-ab2ab2dbe533','2568b091-1a99-4511-9106-edfeca2fa200','1091c580-e45a-438c-bc3c-d62dc2b3f8ec','ACEPTADO','Me interesa mucho esta oportunidad ya que se alinea perfectamente con mi especialidad y mis objetivos profesionales. Tengo experiencia práctica adquirida durante mi formación técnica y estoy buscando dar el siguiente paso en mi carrera.',NULL,'2026-04-10T00:58:38.735Z','2026-04-10T00:58:38.735Z');
